,\,40842,58055
607450,\,28120,58055
607451,\,34434,58064
607452,\,52944,58066
607453,\,24576,58066
607454,\,115839,58066
607455,/,58067,100467
607456,/,58067,100468
607457,/,58067,26998
607458,\,37730,58072
607459,\,109365,58139
607460,\,22957,58139
607461,\,42502,58139
607462,\,43471,58139
607463,\,98377,58139
607464,\,98378,58139
607465,\,47692,58174
607466,/,58223,27050
607467,/,58223,126353
607468,/,58223,27051
607469,/,58223,126356
607470,/,58223,52853
607471,/,58223,27052
607472,/,58223,41558
607473,\,117148,99377
607474,/,58299,99065
607475,\,33058,58319
607476,\,123831,100216
607477,\,44860,58351
607478,\,119485,58360
607479,\,119485,132539
607480,\,131694,58386
607481,/,58395,26150
607482,\,52635,58398
607483,\,31434,58398
607484,\,27267,33554
607485,\,57022,47823
607486,\,49981,47823
607487,\,23669,98685
607488,\,51312,101106
607489,\,28337,26149
607504,\,27365,27394
607515,/,23432,23430
607527,/,27266,27251
607528,/,27541,41344
607529,/,27640,27641
607530,/,27640,129643
607531,/,28217,31624
607532,/,28217,132009
607533,/,28472,37810
607534,/,33618,52719
607535,/,40794,118302
607536,/,34645,48652
607537,/,41016,26586
607538,/,51968,100267
607539,/,40283,101524
607540,/,40283,101525
607541,/,40283,46142
607542,/,40283,101531
607543,/,40283,28684
607544,/,45604,33038
607545,/,46565,47297
607546,/,51822,57544
607547,/,51822,114744
607548,/,51822,24336
607549,/,51822,114747
607550,/,30425,48267
607551,/,32282,47072
607552,/,55142,47823
607553,/,55721,37823
607554,/,56653,52860
607555,/,57806,129791
607556,/,28217,22674
607557,/,28217,22992
607558,/,28217,43217
607559,/,28217,44951
607560,/,28217,35671
607561,/,20833,132293
607562,/,27481,132798
607563,/,20406,20407
607564,/,20406,31373
607565,/,20833,21328
607566,/,20833,22070
607567,/,21848,26330
607568,/,34279,28798
607569,/,24509,24508
607570,/,24874,24875
607571,/,24874,40933
607572,/,25393,22890
607573,/,25393,100376
607574,/,26405,42521
607575,/,26407,123599
607576,/,27266,35948
607577,/,27481,128520
607578,/,27481,27482
607579,/,27640,27642
607580,/,51822,24337
607581,/,100479,47805
607582,/,26845,47878
607583,/,19899,42850
607584,/,20833,39361
607585,/,20833,104635
607586,/,23194,42751
607587,/,23194,23196
607588,/,24435,24409
607589,/,25112,25105
607590,/,25331,37756
607591,/,25393,54226
607592,/,25669,120149
607593,/,26149,57265
607594,/,26407,49337
607595,/,26407,100216
607596,/,26407,26418
607597,/,26407,26419
607598,/,26584,34986
607599,/,27103,28546
607600,/,27103,115111
607601,/,27125,34563
607602,/,27541,27543
607603,/,27541,31229
607604,/,27541,49490
607605,/,27620,44562
607606,/,28217,28215
607607,/,29723,30493
607608,/,29887,44033
607609,/,29887,41316
607610,/,29887,22656
607611,/,41016,53581
607612,/,41016,49947
607613,/,36534,58030
607614,/,37096,27556
607615,/,51968,40373
607616,/,40283,101530
607617,/,42413,58056
607630,/,56217,56127
607645,/,23798,45985
607659,/,26584,29583
607660,/,26584,46698
607661,/,26584,45113
607662,/,26584,51520
607663,/,26585,19712
607664,/,26585,50998
607665,/,26594,22916
607666,/,26935,38422
607667,/,26935,35227
607668,/,27103,57970
607669,/,27103,54078
607670,/,27103,46268
607671,/,27103,24423
607672,/,27103,131994
607673,/,27541,35035
607674,/,27541,57801
607675,/,27541,27566
607676,/,27620,44037
607677,/,27620,46698
607678,/,27620,27622
607679,/,27640,129642
607680,/,27849,27855
607681,/,27917,41864
607682,/,27917,27918
607683,/,28217,132007
607684,/,29887,53032
607685,/,29887,56080
607686,/,29887,42796
607687,/,29887,53158
607688,/,29887,52067
607689,/,29887,58382
607690,/,29887,128212
607691,/,29887,37388
607692,/,30915,47128
607693,/,32681,58270
607694,/,32681,97893
607695,/,32800,58139
607696,/,40794,31994
607697,/,34032,25356
607698,/,34349,58139
607699,/,34349,57011
607700,/,34349,53919
607701,/,34349,56454
607702,/,53215,29729
607703,/,34645,37284
607704,/,34645,43444
607705,/,48283,42192
607706,/,48283,53330
607707,/,48283,25888
607708,/,48283,31936
607709,/,48283,33348
607710,/,48283,48552
607711,/,35441,46081
607712,/,37096,27481
607713,/,37096,27487
607714,/,37549,33375
607715,/,37549,27199
607716,/,37549,33459
607717,/,37549,41129
607718,/,37549,58042
607719,/,40037,31057
607720,/,40283,101532
607721,/,42413,47460
607722,/,29729,42453
607723,/,44233,36134
607724,/,44233,32684
607725,/,44233,57693
607726,/,44233,34096
607727,/,44233,38846
607728,/,44233,58021
607729,/,44233,51520
607730,/,44233,27945
607731,/,44233,101051
607732,/,45113,34032
607733,/,45819,33062
607734,/,45900,42305
607735,/,45900,37414
607736,/,46556,42846
607737,/,46608,24372
607738,/,47428,42796
607739,/,47428,24364
607740,/,47428,40037
607741,/,33941,47460
607742,/,33941,29583
607743,/,51822,24335
607747,/,52497,25330
607762,/,58139,98377
607827,!,29739,34611
611264,-c,139131,100366
611277,-c,139132,22640
611292,-c,139131,26669
611294,-c,139131,26809
611295,-c,139131,132695
611296,-c,139131,26833
611297,-c,139131,26806
611298,-c,139131,26821
611299,-c,139131,26650
611300,-c,139131,100374
611301,\,25074,138587
611302,-c,139137,19828
611303,-c,139132,22581
611304,-c,139131,26684
611305,-c,139131,26702
611306,-c,139131,26797
611307,-c,139131,26688
611308,-c,139130,27090
611309,-c,139131,124615
611310,\,139136,47428
611311,-c,139131,42047
611312,-c,139131,39787
611313,-c,139132,22619
611314,-c,139132,22648
611315,-c,139131,26683
611316,-c,139131,58325
611317,-c,139131,46980
611318,-c,139131,132701
611319,-c,139131,124698
611320,-c,139132,22550
611321,-c,139131,26857
611322,-c,139131,50130
611323,-c,139131,26842
611324,-c,139131,133111
611325,-c,139131,124936
611326,-c,139131,26712
611327,-c,139132,22573
611328,-c,139131,26764
611329,-c,139131,42083
611330,-c,139132,22627
611331,-c,139131,26709
611332,-c,139130,27147
611333,-c,139132,40336
611334,+c,42192,48283
611335,+c,42192,133233
611336,-c,48283,42192
611337,-c,139130,27091
611338,-c,139131,26766
611339,-c,139131,26660
611340,-c,139132,22523
611341,-c,139132,22608
611342,-c,139131,44698
611343,-c,139131,26742
611344,-c,139132,22525
611345,-c,139132,107937
611346,-c,139131,133109
611347,-c,139131,26784
611348,-c,139132,22610
611349,-c,139132,98188
611350,+c,22182,48283
611351,-c,48283,22182
611352,-c,139132,22602
611353,\,127261,135939
611354,-c,139132,22514
611367,+c,51312,133259
611382,/,20331,20334
611396,/,22739,22741
611397,\,109828,23078
611398,\,109919,23102
611399,\,110375,34264
611400,\,23337,23359
611401,/,23449,40224
611402,/,23451,23459
611403,/,23453,23454
611404,/,23459,23449
611405,/,23459,23451
611406,\,57743,23481
611407,/,23605,23604
611408,/,23692,53964
611409,/,23701,38617
611410,\,23862,23798
611411,\,113091,23915
611412,\,113206,23955
611413,\,40425,24129
611414,/,24445,99114
611415,/,24613,24616
611416,\,116240,24718
611417,/,24762,116495
611418,\,47007,24875
611419,/,24906,116990
611420,/,25000,99399
611421,\,26588,25117
611422,/,25130,51943
611423,\,51090,25306
611424,/,25393,25396
611425,\,21786,25644
611426,\,37022,25656
611427,\,99821,25744
611428,\,54792,26047
611429,\,33676,26341
611430,\,26522,26521
611431,\,26624,26627
611432,\,125966,26966
611433,\,48764,26981
611434,\,126556,27091
611435,\,127229,27213
611436,/,27330,27327
611437,\,40328,27534
611438,\,33934,27650
611439,\,36734,132747
611440,\,27855,27849
611441,\,27918,27917
611442,\,131207,132761
611443,/,28217,132004
611444,/,28603,38514
611445,\,40563,28681
611446,\,51244,29093
611447,/,29157,22517
611448,/,29196,40464
611449,\,113350,29607
611450,\,25113,30280
611451,/,30599,41016
611452,/,30599,24765
611453,/,31700,39921
611454,/,31700,23695
611455,\,38717,31836
611456,-c,139131,26814
611457,-c,139132,46369
611458,-c,139131,26789
611459,-c,139131,33242
611460,-c,139132,22586
611461,-c,139131,45296
611462,+c,22290,101106
611463,+c,22290,133227
611464,-c,101106,22290
611465,-c,139131,26750
611466,-c,139132,57857
611467,-c,139132,22634
611468,-c,139131,132702
611469,-c,139137,19771
611470,-c,139131,26776
611471,-c,139132,29936
611472,-c,139131,26822
611473,-c,139131,124815
611474,-c,139131,37720
611475,/,32568,106422
611476,/,33252,52633
611477,\,127455,33554
611478,/,34014,48283
611479,\,58139,34349
611480,\,53919,34349
611487,/,49981,56475
611502,/,49145,57809
611506,/,43433,120169
611507,/,43589,24762
611508,/,43589,116489
611509,/,43589,30883
611510,/,43768,46510
611511,\,56772,44312
611512,/,44731,56603
611513,/,44844,39805
611514,\,37508,45972
611515,\,111672,46039
611516,/,46414,97617
611517,/,46789,42302
611518,/,47549,110708
611519,/,47731,35354
611520,/,48160,21926
611521,/,48420,41063
611522,/,48420,97590
611523,/,48420,33789
611524,/,49217,21870
611525,\,57382,49960
611526,\,131635,101170
611527,\,32267,45094
611528,\,125863,52094
611529,/,52249,44796
611530,\,118317,52416
611531,/,52633,132502
611532,/,53161,23870
611533,/,53964,39921
611534,\,57806,54406
611535,\,33941,55142
611536,/,55142,35423
611537,\,57382,55563
611538,/,56475,56617
611539,/,57146,24762
611540,/,57146,24765
611541,/,57495,25672
611542,\,130747,57813
611543,/,40794,25238
611544,/,21848,41533
611545,/,27541,27549
611546,/,27640,32357
611547,/,51968,124214
611548,/,20406,97753
611549,/,24509,115439
611550,/,27103,57003
611551,/,29887,47428
611552,/,48283,22182
611614,-c,47428,24364
611723,-c,133212,20239
611738,-c,133226,21751
611752,-c,133259,40067
611753,-c,133212,19311
611754,-c,133236,24185
611755,-c,133236,34395
611756,-c,133233,22855
611757,-c,133227,22146
611758,-c,133226,21447
611759,-c,139133,25431
611760,-c,133247,25950
611761,-c,133227,22352
611762,-c,133212,57467
611763,-c,133226,132310
611764,-c,133253,26339
611765,-c,133236,23920
611766,-c,133208,19160
611767,-c,133226,21164
611768,-c,133233,22801
611769,-c,133250,26255
611770,-c,133212,55874
611771,-c,133212,45137
611772,-c,133253,56991
611773,-c,133233,23102
611774,-c,133226,21267
611775,-c,133236,98837
611776,-c,133212,32380
611777,-c,133226,105174
611778,-c,133227,22379
611779,-c,133226,21109
611780,-c,133226,35309
611781,-c,133259,27490
611782,-c,133233,132774
611783,-c,133212,44454
611784,-c,133253,56165
611785,-c,133227,22367
611786,-c,133226,97956
611787,-c,133259,27486
611788,-c,133212,132266
611789,-c,133226,21734
611790,-c,133208,19123
611791,-c,133233,23168
611792,-c,133226,132334
611793,-c,133226,21173
611794,-c,133233,40023
611795,-c,133233,23192
611796,-c,133212,49658
611797,-c,133250,47321
611798,-c,133233,23129
611799,-c,133236,23896
611800,-c,133233,28952
611801,-c,133227,22236
611802,-c,133227,132401
611803,-c,133208,19141
611804,-c,133259,132737
611805,-c,133233,22979
611806,-c,133233,29483
611807,-c,133236,99037
611808,-c,133247,132636
611809,-c,133226,21475
611810,-c,133250,100086
611811,-c,133259,128210
611812,-c,133236,24126
611813,-c,133226,44942
611814,-c,133233,23060
611815,-c,133233,54236
611816,-c,133227,22437
611817,-c,133247,41945
611818,-c,133226,51205
611819,-c,133226,132360
611820,-c,133261,138761
611821,-c,133227,22451
611822,-c,133212,30490
611823,-c,133247,25903
611824,-c,133250,30562
611825,-c,133226,132323
611826,-c,133227,22419
611827,-c,133236,99055
611828,-c,133236,98982
611829,-c,133233,23008
611830,-c,133236,23925
611831,-c,133236,24473
611832,-c,133226,21284
611833,-c,133259,27493
611834,-c,133253,132679
611835,-c,133253,33920
611836,-c,133250,26228
611849,-c,133226,105517
611864,-c,133233,22892
611878,-c,133236,31094
611879,-c,133236,114304
611880,-c,133212,57316
611881,-c,133226,21819
611882,-c,133233,22922
611883,-c,133236,113725
611884,-c,133227,22304
611885,-c,133233,22810
611886,-c,133250,26178
611887,-c,133236,98925
611888,-c,133227,22380
611889,-c,133226,50334
611890,-c,133236,24111
611891,-c,133250,54644
611892,-c,133221,20956
611893,-c,133227,22465
611894,-c,133226,31506
611895,-c,133236,24117
611896,-c,133236,98801
611897,-c,133208,57664
611898,-c,133259,27450
611899,-c,133226,21438
611900,-c,133226,21221
611901,-c,133212,19228
611902,-c,133233,132470
611903,-c,133236,40334
611904,-c,133226,21202
611905,-c,133226,132370
611906,-c,133236,24040
611907,-c,133241,24386
611908,-c,139133,31319
611909,-c,133247,25861
611910,-c,133212,19359
611911,-c,133233,23053
611912,-c,133215,19904
611913,-c,133236,114437
611914,-c,133236,23919
611915,-c,133226,21660
611916,-c,133236,23927
611917,-c,139133,34119
611918,-c,133212,20015
611919,-c,133259,27559
611920,-c,133227,32892
611921,-c,133259,138140
611922,-c,133226,132343
611923,-c,133212,19202
611924,-c,133226,41844
611925,-c,133253,26344
611926,-c,133236,24214
611927,-c,133236,115300
611928,-c,133212,52721
611929,-c,133227,22443
611930,-c,133226,132881
611931,-c,133226,21300
611932,-c,133208,19796
611933,-c,133227,22377
611934,-c,133233,22857
611935,-c,133227,22135
611936,-c,133227,22285
611937,-c,133236,23948
611938,-c,133253,26460
611939,-c,133259,58079
611940,-c,133236,41860
611941,-c,133226,48533
611942,-c,133233,23018
611943,-c,133212,54586
611944,-c,133236,99134
611945,-c,133226,106116
611946,-c,133226,21449
611947,-c,133226,21514
611948,-c,133250,26260
611949,-c,133226,21622
611950,-c,133236,24292
611951,-c,133247,25900
611952,-c,133259,27442
611953,-c,133236,24252
611954,-c,133250,26225
611955,-c,133250,56456
611956,-c,133212,19989
611957,-c,133236,23976
611958,-c,139133,25649
611959,-c,133208,19181
611960,-c,133212,19434
611961,-c,133233,42192
611962,-c,133233,22850
611975,-c,133253,26335
611990,-c,133259,27473
612004,-c,133227,22252
612005,-c,133212,50325
612006,-c,133259,45842
612007,-c,133226,21766
612008,-c,133212,132194
612009,-c,133250,36644
612010,-c,133236,24321
612011,-c,133212,19399
612012,-c,133212,19446
612013,-c,133249,26158
612014,-c,133236,98959
612015,-c,133253,26480
612016,-c,133227,22182
612017,-c,133233,22872
612018,-c,133236,113612
612019,-c,133236,23922
612020,-c,133247,25960
612021,-c,139133,25500
612022,-c,133253,26392
612023,-c,133236,24347
612024,-c,133250,122975
612025,-c,133208,36906
612026,-c,133236,34240
612027,-c,133226,21742
612028,-c,133208,19154
612029,-c,133226,21422
612030,-c,133226,21651
612031,-c,133226,21616
612032,-c,133226,21509
612033,-c,133226,21485
612034,-c,133226,57829
612035,-c,133224,21683
612036,-c,133259,27451
612037,-c,133236,113817
612038,-c,133236,46382
612039,-c,133233,22987
612040,-c,133236,113581
612041,-c,133212,19353
612042,-c,133259,27472
612043,-c,133226,21317
612044,-c,133226,21405
612045,-c,133227,22141
612046,-c,133226,21233
612047,-c,133208,19194
612048,-c,133259,54881
612049,-c,133236,24056
612050,-c,133253,52781
612051,-c,133236,24165
612052,-c,133236,36718
612053,-c,133259,39728
612054,-c,133208,19121
612055,-c,133227,22282
612056,-c,139133,31725
612057,-c,133227,22115
612058,-c,133236,99009
612059,-c,133226,21568
612060,-c,133226,58096
612061,-c,133212,57809
612062,-c,133236,44857
612063,-c,133226,21247
612064,-c,133250,132654
612065,-c,133212,57819
612066,-c,133236,42476
612067,-c,133233,23160
612068,-c,133250,122663
612069,-c,133260,27482
612070,-c,133259,51312
612071,-c,133236,132527
612072,-c,133212,20237
612073,-c,133251,26267
612074,-c,133236,24005
612075,-c,139133,25597
612076,-c,133226,57183
612077,-c,133226,28347
612078,-c,139133,25559
612079,-c,133259,37904
612080,-c,133208,19169
612081,-c,133226,132329
612082,-c,133236,113208
612083,-c,133250,57295
612084,-c,133226,21639
612085,-c,133226,21686
612086,-c,133208,20329
612087,-c,133233,23164
612088,-c,133236,24450
612089,-c,133226,21193
612095,-c,133226,21650
612110,-c,133236,24281
612125,-c,133261,27552
612139,-c,133247,28488
612140,-c,133253,26387
612141,-c,133233,23185
612142,-c,133236,113906
612143,-c,133212,19433
612144,-c,133241,24362
612145,-c,133226,21042
612146,-c,133250,122901
612147,-c,133253,26474
612148,-c,133241,24396
612149,-c,133208,50786
612150,-c,133259,128354
612151,-c,133212,34969
612152,-c,133233,23170
612153,-c,133261,36532
612154,-c,133259,27453
612155,-c,133247,121460
612156,-c,133233,22851
612157,-c,133233,23123
612158,-c,133226,21554
612159,-c,133253,26345
612160,-c,133226,21386
612161,-c,133226,21697
612162,-c,133226,21294
612163,-c,133226,132337
612164,-c,133227,22081
612165,-c,133233,23002
612166,-c,133250,100117
612167,-c,133227,22478
612168,-c,133236,98814
612169,-c,133226,21558
612170,-c,133208,19806
612171,-c,133226,21455
612172,-c,133236,98881
612173,-c,133233,23014
612174,-c,133227,132425
612175,-c,133226,21627
612176,-c,133259,132730
612177,-c,133236,99036
612178,-c,133212,19529
612179,-c,133233,22782
612180,-c,133236,115211
612181,-c,133236,98895
612182,-c,133212,19432
612183,-c,133253,26400
612184,-c,133227,22214
612185,-c,133233,22966
612186,-c,133226,21572
612187,-c,133226,21561
612188,-c,133250,26202
612189,-c,133226,52176
612190,-c,133212,132188
612191,-c,133236,24457
612192,-c,133236,42207
612193,-c,139133,54634
612194,-c,133247,25933
612195,-c,133253,26353
612196,-c,133241,24366
612197,-c,133253,26422
612198,-c,133236,24273
612199,-c,133233,23085
612200,-c,133233,23039
612201,-c,133247,44717
612202,-c,133236,132536
612203,-c,133236,52206
612204,-c,133236,48561
612205,-c,133212,97513
612206,-c,133233,22814
612207,/,36336,19127
612208,/,44176,19127
612209,/,45879,19127
612210,/,37211,19127
612211,/,43997,19621
612212,/,22998,43997
612213,/,38973,43997
612214,/,99071,43997
612215,/,38253,19127
612216,/,53399,19111
612217,/,19111,19112
612218,/,19702,19112
612219,/,97576,19112
612220,/,19703,19112
612221,/,19112,101219
612222,/,101219,19112
612223,/,19719,19112
612224,/,52928,19780
612225,/,28958,52928
612226,/,22043,52928
612227,/,40988,52928
612228,/,55750,52928
612229,/,128820,52928
612230,/,20044,47705
612231,/,21058,47705
612232,/,23061,47705
612233,/,19114,30904
612234,/,20338,19114
612235,/,19114,47519
612236,/,47519,19114
612237,/,19114,40104
612238,/,40104,19114
612239,/,48711,41588
612240,/,19115,41588
612241,/,97486,39600
612242,/,39600,97486
612243,/,97486,20407
612244,/,20407,97486
612245,/,97486,21405
612246,/,21405,97486
612247,/,97486,21683
612248,/,21683,97486
612249,/,97486,58408
612250,/,58408,97486
612251,/,97486,22775
612252,/,22775,97486
612253,/,97486,98925
612254,/,98925,97486
612255,/,97486,24362
612256,/,24362,97486
612257,/,97486,24875
612258,/,24875,97486
612259,/,97486,100086
612260,/,100086,97486
612261,/,97486,50496
612262,/,50496,97486
612263,/,97486,41101
612264,/,41101,97486
612265,\,19117,97486
612266,\,48644,97486
612267,\,49837,97486
612268,/,97486,44863
612269,/,44863,97486
612270,/,97486,22109
612271,/,22109,97486
612272,/,20407,19118
612273,/,22497,19118
612274,/,24104,19118
612275,/,24362,19118
612276,/,24875,19118
612277,/,26202,19118
612278,/,50496,19118
612279,/,41101,19118
612280,\,19117,19118
612281,\,48644,19118
612282,\,49837,19118
612283,/,19118,44863
612284,/,44863,19118
612285,/,19118,22109
612286,/,22109,19118
612287,/,54828,39188
612288,/,34180,39188
612289,/,39188,19119
612290,/,22506,19119
612291,/,22677,19119
612292,/,138812,19119
612293,\,31966,50786
612294,/,19307,50786
612295,/,50786,22730
612296,/,22782,50786
612297,/,24426,50786
612298,/,50786,31966
612299,/,101374,31966
612300,/,53633,37124
612301,/,41737,37124
612302,/,37124,50117
612303,\,37124,41737
612304,\,30880,58419
612305,/,46063,40524
612306,/,40524,22919
612307,/,36563,40524
612308,/,47711,40524
612309,/,28964,40524
612310,/,52459,40524
612311,/,57175,19122
612312,\,19122,57175
612313,/,55611,57175
612314,/,51561,57175
612315,/,22118,57175
612316,/,57175,22937
612317,/,55907,57175
612318,/,41628,57175
612319,/,58004,57175
612320,/,35156,57175
612321,/,47405,23734
612322,/,23734,47405
612323,/,26153,47405
612324,\,97487,19123
612325,\,46866,19123
612326,/,46866,19123
612327,/,46510,19123
612328,/,19123,23841
612329,/,119097,19123
612330,/,97487,43768
612331,/,46866,43768
612332,/,46510,43768
612333,/,23841,43768
612334,/,41566,19124
612335,/,44049,19124
612336,/,31528,44049
612337,/,43027,44049
612338,/,31528,19124
612339,/,43027,31528
612340,/,19124,47171
612341,/,44049,47171
612342,/,31528,47171
612343,/,43027,47171
612344,/,58287,19125
612345,/,28805,19127
612346,/,41905,35398
612347,/,41905,19126
612348,\,35398,41905
612349,\,19126,41905
612350,/,41905,19127
612351,/,22182,34014
612352,/,42192,34014
612353,/,48283,34014
612354,/,46991,30173
612355,\,30173,46991
612356,/,40336,46991
612357,/,46991,35539
612358,/,57295,46991
612359,/,52239,57603
612360,/,38040,57603
612361,/,48082,57603
612362,/,57603,115479
612363,/,38082,57603
612364,/,48533,57572
612365,/,41281,57572
612366,/,33343,57572
612367,/,51774,57572
612368,/,57572,44948
612369,/,34405,57572
612370,/,37904,57572
612371,/,46700,32131
612372,/,42152,32131
612373,\,32131,42152
612374,/,30107,19130
612375,/,101392,30806
612376,/,49282,30806
612377,\,30806,49282
612378,/,19131,40902
612379,/,101393,56988
612380,/,19131,56988
612381,/,101394,56988
612382,/,56988,20268
612383,/,101395,49838
612384,/,49838,19132
612385,/,19132,133205
612386,/,133205,19132
612387,/,22195,19132
612388,/,19132,122784
612389,/,122784,19132
612390,/,100364,19132
612391,/,101398,19133
612392,/,101398,101399
612393,/,101399,101398
612394,/,101399,19133
612395,/,57020,32296
612396,/,51537,32296
612397,/,22229,32296
612398,/,23894,32296
612399,/,46800,32296
612400,/,32296,24790
612401,/,122806,32296
612402,/,47073,32296
612403,/,57977,19134
612404,/,55680,19134
612405,/,21120,19134
612406,/,107137,19134
612407,/,22550,19134
612408,/,28691,19134
612409,/,57677,19134
612410,/,24802,19134
612411,/,25897,19134
612412,/,36095,19134
612413,/,27452,19134
612414,/,19135,19134
612415,/,101401,19135
612416,/,101402,19135
612417,/,101401,19134
612418,/,101401,101402
612419,/,101402,101401
612420,/,101401,19137
612421,/,19137,19134
612422,/,101402,19137
612423,/,24943,43619
612424,/,49903,43619
612425,/,19139,19138
612426,/,39078,19139
612427,/,32004,19139
612428,\,19138,19139
612429,/,22263,19139
612430,/,25306,19139
612431,/,46678,19139
612432,/,36397,19139
612433,/,29027,101403
612434,/,101403,29027
612435,/,25376,36034
612436,/,55101,36034
612437,/,118791,42789
612438,/,118792,42789
612439,/,118794,42789
612440,/,118795,42789
612441,/,118797,42789
612442,/,118798,42789
612443,/,32961,42789
612444,/,118799,42789
612445,/,25346,42789
612446,/,38655,19140
612447,/,99616,50372
612448,/,54226,50372
612449,/,25392,50372
612450,/,35682,50372
612451,/,25395,50372
612452,/,25396,50372
612453,/,49537,50372
612454,/,43897,19140
612455,/,57381,43897
612456,/,36674,43897
612457,/,57381,19140
612458,/,36674,57381
612459,/,25405,57381
612460,/,19433,19141
612461,/,39907,19143
612462,/,19143,19141
612463,/,19142,19143
612464,/,39907,47795
612465,/,47795,19141
612466,/,19142,47795
612467,/,32798,101411
612468,/,101411,132176
612469,/,32798,54017
612470,/,32798,49100
612471,\,19148,132177
612472,\,19147,132177
612473,\,37717,132177
612474,\,19150,132177
612475,/,132177,19147
612476,/,132766,19147
612477,/,101412,19147
612478,/,51972,19147
612479,/,46023,19147
612480,/,19147,37717
612481,/,101413,19147
612482,/,101414,19147
612483,/,132177,19148
612484,/,132766,19148
612485,/,101412,19148
612486,/,19148,37717
612487,/,40184,19148
612488,/,101413,19148
612489,/,101414,19148
612490,/,132766,46023
612491,/,101412,46023
612492,/,56367,46023
612493,/,46023,37717
612494,/,101413,46023
612495,/,101414,46023
612496,\,46023,56367
612497,/,56367,132177
612498,/,132766,56367
612499,/,101412,56367
612500,/,101413,56367
612501,/,101414,56367
612502,/,132177,37717
612503,/,132766,37717
612504,/,101412,37717
612505,/,101413,37717
612506,/,19150,37717
612507,/,101414,37717
612508,/,40184,132177
612509,/,132766,40184
612510,/,101412,40184
612511,/,101413,40184
612512,/,101414,40184
612513,/,101416,19151
612514,/,101416,101417
612515,/,101417,101416
612516,/,57503,40516
612517,/,101428,31848
612518,/,31848,19153
612519,/,26884,19153
612520,/,19153,27466
612521,/,19153,53912
612522,/,53912,19153
612523,/,19156,19154
612524,/,19155,19156
612525,/,54093,19156
612526,/,19161,19159
612527,/,19159,138778
612528,/,138778,19159
612529,/,20527,19159
612530,/,19159,138797
612531,/,138797,19159
612532,/,19159,138804
612533,/,138804,19159
612534,/,19159,138815
612535,/,138815,19159
612536,/,19159,138830
612537,/,138830,19159
612538,/,19159,138833
612539,/,138833,19159
612540,/,19159,138861
612541,/,138861,19159
612542,/,26323,19159
612543,/,19159,138876
612544,/,138876,19159
612545,/,27497,19159
612546,/,104999,19160
612547,/,40504,19160
612548,/,22358,19160
612549,/,22576,19160
612550,/,23147,19160
612551,/,24400,19160
612552,/,40900,19160
612553,/,122968,19160
612554,/,26442,19160
612555,/,19160,27053
612556,/,49344,19160
612557,/,101432,49344
612558,/,57127,19163
612559,/,19164,19163
612560,\,19163,19164
612561,/,19166,97491
612562,/,19165,19166
612563,/,35003,19166
612564,/,125908,43835
612565,/,43835,34280
612566,/,34280,43835
612567,/,125916,43835
612568,/,125920,43835
612569,/,26966,43835
612570,/,101442,19167
612571,/,19167,101442
612572,/,38615,19169
612573,/,20947,19169
612574,/,21572,19169
612575,/,22383,19169
612576,/,23160,19169
612577,/,40463,19169
612578,/,45332,19169
612579,/,19169,27225
612580,/,27473,19169
612581,/,40104,39096
612582,/,39096,40104
612583,/,19172,19170
612584,/,19170,19171
612585,/,43692,19171
612586,/,19172,19171
612587,/,19171,19173
612588,/,121485,19175
612589,/,19175,27285
612590,/,39191,19176
612591,/,42989,19177
612592,/,125330,19178
612593,/,27674,19178
612594,/,27685,19179
612595,/,97494,54689
612596,/,19180,54689
612597,/,54689,19181
612598,/,19181,27666
612599,\,19176,39191
612600,/,20956,39191
612601,/,21616,39191
612602,/,23172,39191
612603,/,24318,39191
612604,/,115019,39191
612605,/,36565,39191
612606,/,25938,39191
612607,/,26255,39191
612608,/,26832,39191
612609,/,27394,39191
612610,/,55186,39191
612611,/,105024,19182
612612,/,99098,19182
612613,/,115094,19182
612614,/,119338,19182
612615,/,129105,19182
612616,/,19182,27772
612617,/,36906,19187
612618,/,19188,36906
612619,\,19187,36906
612620,/,19189,19190
612621,/,19191,19190
612622,/,19194,19190
612623,/,19189,19192
612624,/,19190,19192
612625,/,19191,19192
612626,/,19194,19192
612627,/,50850,19192
612628,/,19189,19193
612629,/,19191,19193
612630,\,19190,19194
612631,\,19192,19194
612632,/,19194,27919
612633,/,40627,40566
612634,/,46182,40566
612635,/,40566,132178
612636,/,19204,19203
612637,\,19203,19204
612638,/,122543,19204
612639,\,19206,101488
612640,\,101491,101488
612641,\,57523,44706
612642,/,44706,20800
612643,/,44706,100758
612644,/,100758,44706
612645,/,44706,43109
612646,/,43109,44706
612647,/,30113,19208
612648,/,38685,19208
612649,/,19210,19211
612650,/,49278,19211
612651,/,101499,19211
612652,/,55460,19211
612653,/,19213,19211
612654,/,19211,55789
612655,/,49278,55460
612656,/,45798,53083
612657,/,101500,53083
612658,/,47470,53083
612659,/,19216,53083
612660,/,101502,53083
612661,/,19217,53083
612662,/,45798,33431
612663,/,19202,33431
612664,/,101500,33431
612665,/,53083,33431
612666,/,19216,33431
612667,/,101502,33431
612668,/,19217,33431
612669,/,19218,48662
612670,/,48662,19219
612671,/,20520,19219
612672,\,101511,19219
612673,/,19219,19159
612675,/,19219,20913
612677,\,58407,19205
612678,/,19219,35764
612679,/,19219,34889
612680,/,19219,26184
612681,/,19219,53936
612682,\,19218,138778
612685,/,138778,138797
612686,/,138797,138778
612687,/,138778,138804
612688,/,138804,138778
612689,/,138778,138815
612690,/,138815,138778
612691,/,138778,138830
612692,/,138830,138778
612693,/,138778,138833
612694,/,138833,138778
612695,/,138778,138861
612696,/,138861,138778
612697,/,138778,26323
612698,/,26323,138778
612699,/,138778,138876
612700,/,138876,138778
612701,/,138778,138897
612702,/,138897,138778
612703,\,101511,138778
612704,/,138778,20527
612705,/,20527,138778
612706,/,138778,20913
612707,/,20913,138778
612708,/,138778,35764
612709,/,35764,138778
612710,/,138778,34889
612711,/,34889,138778
612712,/,138778,26184
612713,/,26184,138778
612714,/,138778,53936
612715,/,53936,138778
612716,\,19208,38685
612717,/,20891,44785
612718,/,44785,21335
612719,/,21335,44785
612720,/,44785,97968
612721,/,97968,44785
612722,/,44785,23032
612723,/,23032,44785
612724,/,44785,58075
612725,/,44785,25848
612726,/,25848,44785
612727,/,44785,43567
612728,/,43567,44785
612729,/,55789,47971
612730,/,57292,47971
612735,/,47971,97495
612736,/,47971,55739
612737,/,19224,19223
612738,\,19223,19224
612739,/,28459,19224
612740,/,20980,19224
612741,/,21361,19224
612742,/,22079,19224
612743,/,23036,19224
612744,/,24041,19224
612745,/,114818,19224
612746,/,122580,19224
612747,/,40626,19224
612748,/,22081,50321
612749,/,109670,50321
612750,/,29813,31863
612751,/,35533,31863
612752,/,105121,31863
612753,/,22083,31863
612754,/,48260,31863
612755,/,53057,31863
612756,/,19227,37040
612757,/,32391,37040
612758,/,37040,19228
612759,/,47662,37040
612760,/,47662,19228
612761,/,105757,51382
612762,/,55316,51382
612763,/,19231,19230
612764,\,38671,101527
612765,/,38671,40283
612766,/,106930,40283
612767,/,52370,40283
612768,/,47953,40283
612769,/,54383,40283
612770,/,50896,40283
612771,/,44390,40283
612772,/,58241,40283
612773,/,40283,138146
612774,/,138146,40283
612775,/,128861,40283
612776,/,38671,35296
612777,/,106930,35296
612778,/,52370,35296
612779,/,47953,35296
612780,/,54383,35296
612781,/,50896,35296
612782,/,44390,35296
612783,/,58241,35296
612784,/,35296,138146
612785,/,138146,35296
612786,/,128861,35296
612787,/,38158,29673
612788,/,29673,19233
612789,/,49919,19233
612790,/,21969,19233
612791,/,33040,49145
612792,/,19234,49145
612793,/,57809,49145
612794,\,49145,57809
612795,/,29171,52880
612796,/,43129,52880
612797,/,21386,52880
612798,/,52880,21995
612799,/,32892,52880
612800,/,98188,52880
612801,/,54339,52880
612802,/,24088,52880
612803,/,30980,52880
612804,/,31319,52880
612805,/,26195,52880
612806,/,56165,52880
612807,/,26680,52880
612808,/,27500,52880
612809,/,100922,52880
612810,/,101534,19239
612811,/,19239,19236
612812,/,19239,19237
612813,/,133396,101534
612814,/,101534,133396
612815,/,133396,19236
612816,/,19236,133396
612817,/,133396,19238
612818,/,19238,133396
612819,/,133396,41463
612820,/,41463,133396
612821,/,133396,33327
612822,/,33327,133396
612823,/,133396,43481
612824,/,43481,133396
612825,/,133396,52184
612826,/,52184,133396
612827,/,133396,19239
612828,/,19239,133396
612829,/,19239,19238
612830,/,41463,33327
612831,/,33327,19238
612832,/,43481,19238
612833,/,52184,19239
612834,\,19236,19239
612835,\,133396,19239
612836,\,19237,19239
612837,\,19238,19239
612838,/,35191,34419
612839,/,32114,34419
612840,/,52154,34419
612841,\,97497,19241
612842,\,97497,19240
612843,/,19241,19244
612844,/,19242,19244
612845,/,19243,19244
612846,/,36022,19244
612847,\,19242,19245
612848,\,19243,19245
612849,\,36022,19245
612850,\,19244,19245
612851,\,33203,19245
612852,\,126660,19245
612853,/,20886,50586
612854,/,129892,50586
612855,/,45700,136027
612856,/,136027,45700
612857,/,45700,97504
612858,/,97504,45700
612859,\,58449,101563
612860,/,101569,35665
612861,/,21523,44454
612862,/,31599,44454
612863,/,121423,44454
612864,/,44454,26596
612865,/,26797,44454
612866,/,19262,19241
612867,/,101583,19241
612868,/,30866,19241
612869,/,19264,19241
612870,/,19268,45670
612871,/,45670,19268
612872,/,19269,19664
612873,/,19269,19271
612874,/,19275,19271
612875,/,19654,19271
612876,/,19270,35386
612877,\,34784,101603
612878,/,19269,55320
612879,/,19270,55320
612880,/,19271,55320
612881,/,101206,55320
612882,/,30699,55320
612883,/,35386,55320
612884,/,101603,55320
612885,/,97503,55320
612886,/,19273,55320
612887,/,45670,55320
612888,/,101605,55320
612889,/,19274,55320
612890,/,19275,55320
612891,/,19664,55320
612892,\,30762,19277
612893,\,30591,19277
612894,/,19278,19280
612895,/,101613,19278
612896,/,36125,19278
612897,/,48215,19278
612898,/,19282,19278
612899,/,29992,19278
612900,/,34406,19278
612901,/,101619,19278
612902,/,19283,19278
612903,/,20516,19278
612904,/,49244,19278
612905,/,101609,49244
612906,/,19280,49244
612907,/,101613,49244
612908,/,36125,49244
612909,/,48215,49244
612910,/,19282,49244
612911,/,29992,49244
612912,/,34406,49244
612913,/,101619,49244
612914,/,19283,49244
612915,\,29992,19280
612916,\,101619,19280
612917,\,19283,19280
612918,\,100069,19280
612919,\,136027,19281
612920,\,54063,19281
612921,\,51728,19281
612922,\,136027,97504
612923,\,28350,97504
612924,\,101607,97504
612925,\,37856,97504
612926,\,19277,97504
612927,\,19280,97504
612928,\,20024,97504
612929,\,54063,97504
612930,\,51728,97504
612931,\,136027,97505
612932,\,28350,97505
612933,\,101607,97505
612934,\,37856,97505
612935,\,19277,97505
612936,\,19280,97505
612937,\,20024,97505
612938,\,54063,97505
612939,\,51728,97505
612940,\,133212,133212
612941,\,53999,133212
612942,/,35079,19621
612943,/,22998,35079
612944,/,38973,35079
612945,/,99071,35079
612946,/,19645,42008
612947,/,49076,42008
612948,/,53397,42008
612949,/,22999,42008
612950,/,26340,29035
612951,/,46805,19780
612952,/,28882,46805
612953,/,28958,46805
612954,/,22043,46805
612955,/,56912,46805
612956,/,40988,46805
612957,/,57899,46805
612958,/,50089,46805
612959,/,55750,46805
612960,/,128820,46805
612961,/,19946,19291
612962,/,44480,19291
612963,/,31506,19293
612964,/,132180,19294
612965,/,49854,20112
612966,/,19296,41164
612967,/,19297,19296
612968,/,20270,19296
612969,/,20397,53258
612970,/,22051,53258
612971,/,26645,53258
612972,/,20430,19299
612973,/,21143,19299
612974,/,106824,19299
612975,/,23907,19299
612976,/,57986,19299
612977,/,55533,19299
612978,/,35935,43652
612979,/,37677,35000
612980,/,41454,52603
612981,/,108458,52603
612982,/,37584,22275
612983,/,38173,19301
612984,/,22277,19301
612985,/,20407,39600
612986,/,39600,22497
612987,/,24104,39600
612988,/,24362,39600
612989,/,24875,39600
612990,/,26202,39600
612991,/,50496,39600
612992,/,41101,39600
612993,/,57208,39600
612994,/,57208,44604
612995,/,57208,31631
612996,/,49721,19302
612997,/,22112,19302
612998,/,19302,22580
612999,/,58348,19302
613000,/,113886,19302
613001,/,31575,19302
613002,/,52988,19302
613003,/,37839,22678
613004,/,100087,37839
613005,/,22714,31485
613006,/,108174,31485
613007,/,22726,19306
613008,/,51733,19306
613009,/,47848,19309
613010,/,19765,19309
613011,/,21148,19309
613012,/,23055,19309
613013,/,119087,19309
613015,/,25862,19309
613016,/,47763,19309
301674,\,23211,132487
613019,/,98501,98500
