198832,37185,181474,,,
198839,37157,195016,,,
198846,37132,107770,,,
198853,37132,164518,,,
198860,37132,142096,,,
198867,37176,190011,,,
198874,37176,182479,,,
198881,37176,195038,,,
198888,37181,150318,,,
198895,37181,141668,,,
198902,37211,137293,,,
198909,37208,147562,,,
198914,37208,160734,,,
198918,37208,151246,,,
198925,37208,140467,,,
198932,37218,181272,,,
198939,37218,179900,,,
198946,37218,179010,,,
198953,37199,191100,,,
198960,37199,191093,,,
198967,37199,191086,,,
198974,37199,195662,,,
198981,37199,191104,,,
198988,37257,141975,,,
198995,37257,163462,,,
199002,37209,147328,,,
199009,37229,190063,,,
199016,37229,188008,,,
199021,37229,185699,,,
199025,37229,181472,,,
199032,37229,190292,,,
199039,37229,191418,,,
199046,37229,192301,,,
199053,37229,192295,,,
199060,37229,192291,,,
199067,37229,190236,,,
199074,37229,199174,,,
199081,37241,160498,,,
199088,37241,152393,,,
199095,37241,125356,,,
199102,37241,149260,,,
199109,37256,182384,,,
199116,37242,184559,,,
199123,37242,186825,,,
199128,37242,185266,,,
199132,37242,181533,,,
199139,37242,185344,,,
199146,37254,174573,,,
199153,37254,175569,,,
199160,37254,171976,,,
199167,37254,177584,,,
199174,37254,175507,,,
199181,37254,170887,,,
199188,37254,171360,,,
199195,37254,178000,,,
199202,37254,170307,,,
199209,37254,176419,,,
199216,37254,170258,,,
199223,37254,174852,,,
199230,37254,176848,,,
199235,37254,175285,,,
199239,37254,171177,,,
199246,37254,174757,,,
199253,37254,179852,,,
199260,37254,170320,,,
199267,37254,170622,,,
199274,37254,171612,,,
199281,37254,178249,,,
199288,37254,176693,,,
199295,37254,176156,,,
199302,37254,176143,,,
199309,37233,193508,,,
199316,37250,171006,,,
199323,37250,171445,,,
199330,37250,179334,,,
199337,37198,178656,,,
199342,37198,178643,,,
199346,37198,170954,,,
199353,37198,177333,,,
199360,37198,177043,,,
199367,37236,104824,,,
199374,37236,120428,,,
199381,37236,128465,,,
199388,37236,132037,,,
199395,37236,141110,,,
199402,37236,132506,,,
199409,37236,140553,,,
199416,37201,179810,,,
199423,37201,171593,,,
199430,37201,171549,,,
199437,37201,169439,,,
199444,37201,177608,,,
199449,37201,171405,,,
199453,37201,173438,,,
199460,37201,179518,,,
199467,37201,179487,,,
199474,37201,173283,,,
199481,37201,173238,,,
199488,37201,179342,,,
199495,37201,177256,,,
199502,37201,175138,,,
199509,37201,170998,,,
199516,37201,179138,,,
199523,37201,179129,,,
199530,37201,181104,,,
199537,37201,179038,,,
199544,37201,172882,,,
199551,37201,170804,,,
199556,37201,170783,,,
199560,37201,181006,,,
199567,37201,172803,,,
199574,37201,180911,,,
199581,37201,170616,,,
199588,37201,178775,,,
199595,37201,174635,,,
199602,37201,178713,,,
199609,37201,178682,,,
199616,37201,174577,,,
199623,37201,180686,,,
199630,37201,178615,,,
199637,37201,178604,,,
199644,37201,178596,,,
199651,37201,172444,,,
199658,37201,176525,,,
199663,37201,176506,,,
199667,37201,180580,,,
199674,37201,170300,,,
199681,37201,178459,,,
199688,37201,180473,,,
199695,37201,172262,,,
199702,37201,172213,,,
199709,37201,172007,,,
199716,37201,171980,,,
199723,37201,171969,,,
199730,37201,178093,,,
199737,37201,176019,,,
199744,37201,171899,,,
199751,37201,169834,,,
199758,37201,180046,,,
199765,37201,171845,,,
199770,37201,171839,,,
199774,37201,171826,,,
199781,37201,177938,,,
199788,37201,173811,,,
199795,37201,173777,,,
199802,37201,174250,,,
199809,37201,180364,,,
199816,37201,172114,,,
199823,37201,176194,,,
199830,37201,172069,,,
199837,37201,178187,,,
199844,37217,176754,,,
199851,37217,173669,,,
199858,37217,172110,,,
199865,37217,177217,,,
199872,37217,175655,,,
199877,37217,170777,,,
199881,37217,173561,,,
199888,37234,118012,,,
199895,37234,148709,,,
199902,37200,133994,,,
199909,37227,151027,,,
199916,37225,103381,,,
199923,37225,161511,,,
199930,37260,192390,,,
199937,37207,179699,,,
199944,37207,176111,,,
199951,37207,179682,,,
199958,37207,180698,,,
199965,37207,180690,,,
199972,37207,169922,,,
199979,37207,169911,,,
199984,37207,176562,,,
199988,37207,178600,,,
199995,37207,176543,,,
200002,37207,176525,,,
200009,37207,175612,,,
200016,37207,170360,,,
200023,37207,170352,,,
200030,37207,179045,,,
200037,37207,170812,,,
200044,37207,177461,,,
200051,37207,171819,,,
200058,37207,177959,,,
200065,37207,180509,,,
200072,37207,177939,,,
200079,37207,175370,,,
200086,37207,173816,,,
200091,37207,169704,,,
200095,37207,171728,,,
200102,37207,177861,,,
200109,37207,171188,,,
200116,37207,174245,,,
200123,37207,179866,,,
200130,37207,172691,,,
200137,37207,178521,,,
200144,37207,177282,,,
200151,37207,180339,,,
200158,37207,178788,,,
200165,37207,169560,,,
200172,37207,180811,,,
200179,37207,178012,,,
200186,37207,181084,,,
200193,37207,178003,,,
200198,37207,180046,,,
200202,37207,176970,,,
200209,37207,176957,,,
200216,37207,170037,,,
200223,37207,181284,,,
200230,37207,180767,,,
200237,37207,178705,,,
200244,37207,180743,,,
200251,37207,173568,,,
200258,37238,180525,,,
200265,37238,175332,,,
200272,37238,181322,,,
200279,37238,176051,,,
200286,37238,179625,,,
200293,37238,179367,,,
200300,37238,172704,,,
200305,37238,170126,,,
200309,37238,171269,,,
200316,37261,195029,,,
200323,37261,193132,,,
200330,37261,191332,,,
200337,37261,185182,,,
200344,37261,191440,,,
200351,37261,189648,,,
200358,37261,184773,,,
200365,37261,191414,,,
200372,37261,184755,,,
200379,37261,186529,,,
200386,37261,189583,,,
200393,37248,171495,,,
200400,37248,177089,,,
200407,37248,175539,,,
200412,37248,169386,,,
200416,37248,179616,,,
200423,37248,176531,,,
200430,37248,172394,,,
200437,37248,172878,,,
200444,37248,180535,,,
200451,37248,179482,,,
200458,37248,176376,,,
200465,37248,170182,,,
200472,37248,169604,,,
200479,37248,178733,,,
200486,37248,178192,,,
200493,37206,152186,,,
200500,37206,121066,,,
200507,37206,134866,,,
200514,37206,168627,,,
200519,37206,127275,,,
200523,37206,168468,,,
200530,37262,117494,,,
200537,37262,136354,,,
200544,37258,147094,,,
200551,37258,127949,,,
200558,37258,165440,,,
200565,37264,199391,,,
200572,37264,202425,,,
200579,37264,200859,,,
200586,37266,189296,,,
200593,37266,190274,,,
200600,37266,182827,,,
200607,37267,174331,,,
200614,37267,173033,,,
200621,37267,174303,,,
200626,37267,173784,,,
200630,37267,169809,,,
200637,37267,179000,,,
200644,37267,176545,,,
200651,37267,179993,,,
200658,37267,180616,,,
200665,37210,200599,,,
200672,37210,199565,,,
200679,37237,150140,,,
200686,37230,199496,,,
200693,37230,199486,,,
200700,37230,199561,,,
200707,37268,177662,,,
200714,37268,179698,,,
200721,37268,169440,,,
200728,37268,176588,,,
200733,37268,175038,,,
200737,37268,180148,,,
200744,37268,170873,,,
200751,37268,171363,,,
200758,37268,178000,,,
200765,37268,173886,,,
200772,37268,180532,,,
200779,37268,177955,,,
200786,37268,173858,,,
200793,37268,173846,,,
200800,37268,170253,,,
200807,37268,178439,,,
200814,37268,175865,,,
200821,37268,180435,,,
200828,37268,176326,,,
200835,37268,171199,,,
200840,37268,170167,,,
200844,37268,178353,,,
200851,37268,180896,,,
200858,37268,175761,,,
200865,37268,175002,,,
200872,37268,178072,,,
200879,37268,179488,,,
200886,37268,180089,,,
200893,37268,178289,,,
200900,37268,175196,,,
200907,37268,178237,,,
200914,37268,170024,,,
200921,37268,181253,,,
200928,37268,176131,,,
200935,37232,199543,,,
200942,37214,169981,,,
200947,37214,174068,,,
200951,37214,179681,,,
200958,37214,180686,,,
200965,37214,171966,,,
200972,37214,178099,,,
200979,37214,178597,,,
200986,37214,178072,,,
200993,37214,173958,,,
201000,37214,175485,,,
201007,37214,179034,,,
201014,37214,173909,,,
201021,37214,179021,,,
201028,37214,178500,,,
201035,37214,179005,,,
201042,37214,176424,,,
201049,37214,175897,,,
201054,37214,181008,,,
201058,37214,180485,,,
201065,37214,175346,,,
201072,37214,175329,,,
201079,37214,171731,,,
201086,37214,178375,,,
201093,37214,178352,,,
201100,37214,169975,,,
201107,37214,171141,,,
201114,37214,179830,,,
201121,37214,178292,,,
201128,37214,181349,,,
201135,37214,179285,,,
201142,37214,171593,,,
201149,37214,172097,,,
201156,37214,172599,,,
201161,37214,170027,,,
201165,37214,179220,,,
201172,37212,160473,,,
201179,37212,104452,,,
201186,37318,148730,,,
201193,37318,122984,,,
201200,37318,120271,,,
201207,37318,144456,,,
201214,37318,134457,,,
201221,37318,132618,,,
201228,37291,183801,,,
201235,37291,186962,,,
201242,37317,173439,,,
201249,37317,172786,,,
201256,37317,177188,,,
201263,37302,190068,,,
201268,37302,191611,,,
201272,37301,147071,,,
201279,37270,172012,,,
201286,37270,176082,,,
201293,37270,171966,,,
201300,37270,180015,,,
201307,37270,171798,,,
201314,37270,171774,,,
201321,37270,173784,,,
201328,37270,169650,,,
201335,37270,179820,,,
201342,37270,171593,,,
201349,37270,173614,,,
201356,37270,169479,,,
201363,37270,175578,,,
201370,37270,179625,,,
201375,37270,169349,,,
201379,37270,169324,,,
201386,37270,175368,,,
201393,37270,179446,,,
201400,37270,177369,,,
201407,37270,171179,,,
201414,37270,179357,,,
201421,37270,181339,,,
201428,37270,171072,,,
201435,37270,177158,,,
201442,37270,173032,,,
201449,37270,172992,,,
201456,37270,177080,,,
201463,37270,177031,,,
201470,37270,177015,,,
201477,37270,179034,,,
201482,37270,179027,,,
201486,37270,179017,,,
201493,37270,179001,,,
201500,37270,170785,,,
201507,37270,178949,,,
201514,37270,180960,,,
201521,37270,180908,,,
201528,37270,178794,,,
201535,37270,174654,,,
201542,37270,172573,,,
201549,37270,180741,,,
201556,37270,176613,,,
201563,37270,172483,,,
201570,37270,174521,,,
201577,37270,178597,,,
201584,37270,174493,,,
201589,37270,176532,,,
201593,37270,174477,,,
201600,37270,170370,,,
201607,37270,172397,,,
201614,37270,178513,,,
201621,37270,178471,,,
201628,37270,170261,,,
201635,37270,171950,,,
201642,37270,178072,,,
201649,37270,169834,,,
201656,37270,169808,,,
201663,37270,170198,,,
201670,37270,176283,,,
201677,37270,170126,,,
201684,37270,180349,,,
201691,37270,176215,,,
201696,37270,170034,,,
201700,37270,180241,,,
201707,37320,127355,,,
201714,37320,127287,,,
201721,37313,148437,,,
201728,37313,142278,,,
201735,37313,131477,,,
201742,37313,127842,,,
201749,37313,134457,,,
201756,37313,136449,,,
201763,37313,150760,,,
201770,37313,122554,,,
201777,37313,122552,,,
201784,37313,105603,,,
201791,37313,142949,,,
201798,37313,130627,,,
201803,37313,145972,,,
201807,37313,163365,,,
201814,37313,103435,,,
201821,37345,163793,,,
201828,37292,122354,,,
201835,37292,121324,,,
201842,37292,142815,,,
201849,37292,151246,,,
201856,37292,149310,,,
201863,37292,128566,,,
201870,37292,144553,,,
201877,37292,127900,,,
201884,37292,162956,,,
201891,37287,107642,,,
201898,37287,103409,,,
201905,37287,104448,,,
201910,37332,169599,,,
201914,37332,178408,,,
201921,37332,175570,,,
201928,37332,181314,,,
201935,37332,169615,,,
201942,37309,199429,,,
201949,37272,160352,,,
201956,37272,141126,,,
201963,37272,129836,,,
201970,37289,162262,,,
201977,37325,174937,,,
201984,37325,171459,,,
201991,37284,199766,,,
201998,37284,199720,,,
202005,37284,200865,,,
202012,37284,199685,,,
202017,37298,180779,,,
202021,37333,108750,,,
202028,37316,148067,,,
202035,37316,117962,,,
202042,37316,128434,,,
202049,37316,140555,,,
202056,37314,122352,,,
202063,37314,136937,,,
202070,37321,174070,,,
202077,37321,178155,,,
202084,37321,181213,,,
202091,37321,181204,,,
202098,37321,171463,,,
202105,37321,177082,,,
202112,37321,169389,,,
202119,37321,174493,,,
202124,37321,176024,,,
202128,37321,176527,,,
202135,37321,179083,,,
202142,37321,170874,,,
202149,37321,178531,,,
202156,37321,176977,,,
202163,37321,170826,,,
202170,37321,177461,,,
202177,37321,181023,,,
202184,37321,177426,,,
202191,37321,179457,,,
202198,37321,176877,,,
202205,37321,172026,,,
202212,37321,171733,,,
202219,37321,180929,,,
202226,37321,176308,,,
202231,37321,175767,,,
202235,37321,180873,,,
202242,37321,180358,,,
202249,37321,178793,,,
202256,37321,181337,,,
202263,37321,178251,,,
202270,37321,170042,,,
202277,37321,176163,,,
202284,37321,177687,,,
202291,37321,180742,,,
202298,37281,156921,,,
202305,37329,193144,,,
202312,37329,193137,,,
202319,37329,190434,,,
202326,37329,190427,,,
202333,37274,186229,,,
202338,37274,195928,,,
202342,37274,188605,,,
202349,37274,192799,,,
202356,37319,200729,,,
202363,37339,201810,,,
202370,37297,176092,,,
202377,37297,170398,,,
202384,37297,178536,,,
202391,37297,178483,,,
202398,37297,179454,,,
202405,37297,178419,,,
202412,37297,173264,,,
202419,37297,181417,,,
202426,37297,176268,,,
202433,37297,169589,,,
202440,37297,178756,,,
202445,37297,174652,,,
202449,37297,169528,,,
202456,37297,174096,,,
202463,37277,163194,,,
202470,37277,148205,,,
202477,37277,123083,,,
202484,37277,120367,,,
202491,37277,105611,,,
202498,37322,170998,,,
202505,37322,173551,,,
202512,37322,173032,,,
202519,37322,181214,,,
202526,37322,179662,,,
202533,37322,172482,,,
202540,37322,180149,,,
202547,37322,172455,,,
202552,37322,178584,,,
202556,37322,172443,,,
202563,37322,171922,,,
202570,37322,170889,,,
202577,37322,178051,,,
202584,37322,172408,,,
202591,37322,176476,,,
202598,37322,169803,,,
202605,37322,173374,,,
202612,37322,178998,,,
202619,37322,172840,,,
202626,37322,170785,,,
202633,37322,172826,,,
202640,37322,181006,,,
202647,37322,170758,,,
202654,37322,179447,,,
202659,37322,173293,,,
202663,37322,172263,,,
202670,37322,173787,,,
202677,37322,180940,,,
202684,37322,179385,,,
202691,37322,170161,,,
202698,37322,179346,,,
202705,37322,178796,,,
202712,37322,173659,,,
202719,37322,172607,,,
202726,37322,173618,,,
202733,37322,172069,,,
202740,37322,172573,,,
202747,37322,178187,,,
202754,37326,204538,,,
202761,37326,117092,,,
202766,37326,204539,,,
202770,37326,142408,,,
202777,37326,128569,,,
202784,37326,119473,,,
202791,37326,120857,,,
202798,37282,200719,,,
202805,37290,183881,,,
202812,37315,141674,,,
202819,37315,144459,,,
202826,37315,126528,,,
202833,37315,163764,,,
202840,37315,130848,,,
202847,37315,168587,,,
202854,37342,128180,,,
202861,37342,131428,,,
202868,37294,133425,,,
202873,37294,134030,,,
202877,37294,136583,,,
202884,37293,185326,,,
202891,37293,192993,,,
202898,37293,188304,,,
202905,37293,183168,,,
202912,37293,189251,,,
202919,37293,193336,,,
202926,37293,193331,,,
202933,37293,191149,,,
202940,37293,195715,,,
202947,37293,186457,,,
202954,37293,182343,,,
202961,37293,195631,,,
202968,37293,195081,,,
202975,37341,202239,,,
202980,37341,202241,,,
202985,37308,168468,,,
202992,37299,180724,,,
202999,37299,180715,,,
203006,37299,180698,,,
203021,37299,169928,,,
203028,37299,178595,,,
203035,37299,180621,,,
203042,37299,179563,,,
203049,37299,174412,,,
203056,37299,171844,,,
203063,37299,180530,,,
203070,37299,180002,,,
203077,37299,175890,,,
203084,37299,173809,,,
203087,37299,180938,,,
203091,37299,177329,,,
203098,37299,177310,,,
203105,37299,181365,,,
203112,37299,178268,,,
203119,37299,173100,,,
203126,37299,180756,,,
203133,37358,195962,,,
203140,37358,186202,,,
203147,37358,183858,,,
203154,37358,190504,,,
203161,37358,196128,,,
203168,37358,192790,,,
203175,37358,188672,,,
203182,37387,169309,,,
203189,37387,137010,,,
203194,37387,162957,,,
203198,37387,133129,,,
203205,37405,158540,,,
203212,37417,186365,,,
203219,37417,184793,,,
203226,37417,192429,,,
203233,37417,192921,,,
203240,37417,186222,,,
203247,37417,186214,,,
203254,37417,187741,,,
203261,37417,188721,,,
203268,37417,187621,,,
203275,37417,188635,,,
203282,37417,181459,,,
203289,37417,185482,,,
203296,37417,181888,,,
203301,37417,181878,,,
203305,37417,193633,,,
203312,37417,191022,,,
203319,37400,195829,,,
203326,37400,192616,,,
203333,37400,187346,,,
203340,37400,183881,,,
203347,37400,194607,,,
203354,37400,183848,,,
203361,37400,182044,,,
203368,37400,188037,,,
203375,37368,122237,,,
203382,37368,142175,,,
203389,37368,129972,,,
203396,37368,122404,,,
203403,37368,124314,,,
203408,37384,104316,,,
203412,37384,107749,,,
203419,37384,160593,,,
203426,37384,123558,,,
203433,37349,120344,,,
203440,37359,106225,,,
203447,37364,104826,,,
203454,37364,107116,,,
203461,37411,147574,,,
203468,37408,123637,,,
203475,37408,124124,,,
203482,37408,124351,,,
203489,37355,152319,,,
203496,37355,162820,,,
203503,37407,131053,,,
203510,37418,148337,,,
203515,37418,147561,,,
203519,37418,123610,,,
203526,37418,147913,,,
203533,37418,160937,,,
203540,37418,147092,,,
203547,37373,147458,,,
203554,37406,202850,,,
203561,37406,199484,,,
203568,37406,202773,,,
203575,37394,192994,,,
203582,37394,192979,,,
203589,37394,187319,,,
203596,37394,187774,,,
203603,37394,189264,,,
203610,37394,182080,,,
203617,37394,181523,,,
203622,37394,181515,,,
203626,37394,192731,,,
203633,37394,187030,,,
203640,37394,186504,,,
203647,37394,184937,,,
203654,37394,192094,,,
203661,37394,194633,,,
203668,37394,192056,,,
203675,37394,192051,,,
203682,37394,194588,,,
203689,37394,194565,,,
203696,37366,168518,,,
203703,37365,181195,,,
203710,37365,179129,,,
203717,37365,169613,,,
203724,37404,167669,,,
203729,37404,206443,,,
203733,37404,165860,,,
203740,37404,144449,,,
203747,37404,137885,,,
203754,37404,161032,,,
203761,37367,182699,,,
203768,37357,107537,,,
203775,37382,107244,,,
203782,37382,116706,,,
203789,37382,152143,,,
203796,37382,116021,,,
203803,37382,137002,,,
203810,37382,107296,,,
203817,37382,137743,,,
203824,37382,126337,,,
203831,37401,200231,,,
203836,37386,104444,,,
203840,37386,104407,,,
203847,37386,105267,,,
203854,37386,129812,,,
203861,37351,121365,,,
203868,37399,121614,,,
203875,37356,197156,,,
203882,37385,133511,,,
203889,37379,199570,,,
203896,37346,177148,,,
203903,37346,176588,,,
203910,37346,178586,,,
203917,37346,177036,,,
203924,37346,178034,,,
203931,37346,170843,,,
203938,37346,176419,,,
203943,37346,181016,,,
203947,37346,174861,,,
203954,37346,179939,,,
203961,37346,170681,,,
203968,37346,171172,,,
203975,37346,172668,,,
203982,37346,178263,,,
203989,37346,178231,,,
203996,37346,176693,,,
204003,37346,169509,,,
204010,37346,175640,,,
204017,37346,169479,,,
204024,37380,127981,,,
204031,37380,127447,,,
204038,37380,127926,,,
204045,37380,137123,,,
204050,37380,131478,,,
204054,37380,103299,,,
204061,37380,118125,,,
204068,37380,126259,,,
204075,37380,130835,,,
204082,37380,132869,,,
204089,37380,206565,,,
204096,37380,163512,,,
204103,37380,136859,,,
204110,37380,134780,,,
204117,37380,134225,,,
204124,37380,165937,,,
204131,37380,135699,,,
204138,37412,129941,,,
204145,37412,108330,,,
204152,37369,164051,,,
204157,37369,164974,,,
204161,37375,178158,,,
204168,37403,189044,,,
204175,37403,191071,,,
204182,37403,181560,,,
204189,37360,195372,,,
204196,37388,200433,,,
204203,37388,200293,,,
204210,37388,200022,,,
204217,37388,199946,,,
204224,37397,199698,,,
204231,37397,202853,,,
204238,37363,120476,,,
204245,37363,140850,,,
204252,37363,121156,,,
204259,37410,199358,,,
204264,37410,201005,,,
204268,37410,199522,,,
204275,37424,194637,,,
204282,37481,182167,,,
204289,37456,118830,,,
204296,37429,108016,,,
204303,37429,149828,,,
204310,37429,133309,,,
204317,37429,119831,,,
204324,37435,181872,,,
204331,37426,137183,,,
204338,37426,107983,,,
204345,37426,123677,,,
204352,37426,120462,,,
204359,37447,125356,,,
204366,37439,117361,,,
204371,37439,121062,,,
204375,37439,132159,,,
204382,37439,163739,,,
204389,37419,120232,,,
204396,37450,191081,,,
204403,37450,187340,,,
204410,37450,188476,,,
204417,37450,183852,,,
204424,37450,190485,,,
204431,37486,177214,,,
204438,37486,177190,,,
204445,37438,165357,,,
204452,37420,183151,,,
204459,37420,194403,,,
204466,37420,188872,,,
204473,37420,190516,,,
204478,37420,184614,,,
204482,37420,195489,,,
204489,37420,190983,,,
204496,37460,107652,,,
204503,37471,121837,,,
204510,37471,140760,,,
204517,37471,148676,,,
204524,37471,140850,,,
204531,37471,150569,,,
204538,37471,120476,,,
204545,37471,151053,,,
204552,37430,195164,,,
204559,37472,121457,,,
204566,37472,142815,,,
204573,37472,130005,,,
204580,37472,163512,,,
204585,37472,142773,,,
204589,37472,144553,,,
204596,37472,142222,,,
204603,37472,142853,,,
204610,37470,177108,,,
204617,37480,200084,,,
204624,37480,199945,,,
204631,37437,191382,,,
204638,37423,200446,,,
204645,37445,182262,,,
204652,37445,184280,,,
204659,37445,184517,,,
204666,37445,184595,,,
204673,37428,168441,,,
204680,37428,144460,,,
204687,37428,168880,,,
204692,37428,103312,,,
204696,37428,168578,,,
204703,37448,183458,,,
204710,37465,200631,,,
204717,37483,138267,,,
204724,37482,171000,,,
204731,37482,169439,,,
204738,37482,180149,,,
204745,37482,172443,,,
204752,37482,170888,,,
204759,37482,176477,,,
204766,37482,176417,,,
204773,37482,178960,,,
204780,37482,178439,,,
204787,37482,180956,,,
204794,37482,175296,,,
204799,37482,170161,,,
204803,37482,179370,,,
204810,37482,181347,,,
204817,37482,170556,,,
204824,37482,180767,,,
204831,37469,200025,,,
204838,37469,201637,,,
204845,37434,127300,,,
204852,37443,108500,,,
204859,37443,104617,,,
204866,37468,129243,,,
204873,37468,167214,,,
204880,37463,106343,,,
204887,37474,127334,,,
204894,37474,142532,,,
204901,37474,128291,,,
204906,37474,132629,,,
204910,37474,105860,,,
204917,37431,199408,,,
204924,37431,201018,,,
204931,37431,199430,,,
204938,37427,133876,,,
204945,37427,120793,,,
204952,37427,130357,,,
204959,37427,107793,,,
204966,37458,190269,,,
204973,37458,190262,,,
204980,37458,187625,,,
204987,37476,145126,,,
204994,37476,128294,,,
205001,37476,119552,,,
205008,37493,127721,,,
205013,37493,130394,,,
205017,37493,205376,,,
205024,37493,116022,,,
205031,37493,104876,,,
205038,37493,118919,,,
205045,37554,150958,,,
205052,37554,128195,,,
205059,37500,172400,,,
205066,37500,176609,,,
205073,37500,181206,,,
205080,37500,176970,,,
205087,37500,175662,,,
205094,37500,172574,,,
205101,37500,174220,,,
205108,37500,179714,,,
205115,37530,189152,,,
205120,37534,186229,,,
205124,37534,195943,,,
205131,37534,195934,,,
205138,37534,195928,,,
205145,37534,188604,,,
205152,37534,194853,,,
205159,37534,191624,,,
205166,37499,162716,,,
205173,37499,151953,,,
205180,37499,137027,,,
205187,37566,161902,,,
205194,37566,117090,,,
205201,37566,162737,,,
205208,37522,141884,,,
205215,37504,138623,,,
205222,37488,180726,,,
205227,37488,171981,,,
205231,37488,178108,,,
205238,37488,174997,,,
205245,37488,176525,,,
205252,37488,175990,,,
205259,37488,175963,,,
205266,37488,175419,,,
205273,37488,181021,,,
205280,37488,175370,,,
205287,37488,171773,,,
205294,37488,178411,,,
205301,37488,180928,,,
205308,37488,177834,,,
205315,37488,180881,,,
205322,37488,176242,,,
205329,37488,174681,,,
205334,37488,174664,,,
205338,37488,174655,,,
205345,37488,174638,,,
205352,37488,179718,,,
205359,37495,142532,,,
205366,37494,128380,,,
205373,37494,127697,,,
205380,37494,138267,,,
205387,37494,126987,,,
205394,37539,130028,,,
205401,37539,142381,,,
205408,37539,163594,,,
205415,37542,107517,,,
205422,37568,179182,,,
205429,37568,179679,,,
205436,37568,179661,,,
205441,37568,169928,,,
205445,37568,169409,,,
205452,37568,174009,,,
205459,37568,176047,,,
205466,37568,178596,,,
205473,37568,174492,,,
205480,37568,178575,,,
205487,37568,175493,,,
205494,37568,172366,,,
205501,37568,180530,,,
205508,37568,170791,,,
205515,37568,171794,,,
205522,37568,169735,,,
205529,37568,178939,,,
205536,37568,169704,,,
205543,37568,178884,,,
205548,37568,176312,,,
205552,37568,173231,,,
205559,37568,174236,,,
205566,37568,174227,,,
205573,37568,178826,,,
205580,37568,176503,,,
205587,37568,178536,,,
205594,37568,175451,,,
205601,37568,171857,,,
205608,37568,176238,,,
205615,37568,174670,,,
205622,37568,174647,,,
205629,37568,172069,,,
205636,37568,180754,,,
205643,37568,177158,,,
205650,37540,149967,,,
205655,37512,192984,,,
205659,37512,187699,,,
205666,37512,192837,,,
205673,37508,200084,,,
205680,37529,180350,,,
205687,37529,181329,,,
205694,37529,181294,,,
205701,37529,179112,,,
205708,37529,179104,,,
205715,37529,181270,,,
205722,37529,178437,,,
205729,37515,140366,,,
205736,37520,136538,,,
205743,37520,133594,,,
205750,37520,149671,,,
205757,37505,190689,,,
205762,37505,185178,,,
205766,37505,182463,,,
205773,37505,183819,,,
205780,37545,205054,,,
205787,37545,127593,,,
205794,37545,132159,,,
205801,37545,133670,,,
205808,37545,142868,,,
205815,37491,130806,,,
205822,37491,140757,,,
205829,37491,163521,,,
205836,37491,124841,,,
205843,37513,164858,,,
205850,37513,122352,,,
205857,37513,107464,,,
205864,37513,134565,,,
205869,37513,162712,,,
205873,37513,132985,,,
205880,37513,108336,,,
205887,37513,132358,,,
205894,37513,104691,,,
205901,37513,205005,,,
205908,37513,105133,,,
205915,37513,119436,,,
205922,37513,133228,,,
205929,37513,117832,,,
205936,37513,131597,,,
205943,37528,128351,,,
205950,37528,105015,,,
205957,37528,107685,,,
205964,37528,137742,,,
205971,37521,130851,,,
205976,37510,185936,,,
205980,37510,183883,,,
205987,37567,178684,,,
205994,37567,180199,,,
206001,37567,180686,,,
206008,37567,181175,,,
206015,37567,178593,,,
206022,37567,172408,,,
206029,37567,179034,,,
206036,37567,180047,,,
206043,37567,172866,,,
206050,37567,180508,,,
206057,37567,171774,,,
206064,37567,169704,,,
206071,37567,174258,,,
206078,37567,177311,,,
206083,37567,175754,,,
206087,37567,178788,,,
206094,37567,171593,,,
206101,37567,178199,,,
206108,37550,193311,,,
206115,37516,106228,,,
206122,37516,162639,,,
206129,37516,166198,,,
206136,37516,142877,,,
206143,37516,163593,,,
206150,37553,161181,,,
206157,37553,133294,,,
206164,37553,138370,,,
206171,37536,172525,,,
206178,37536,177375,,,
206185,37536,171861,,,
206190,37536,175568,,,
206194,37536,173516,,,
206201,37536,174656,,,
206208,37536,174515,,,
206215,37536,170027,,,
206222,37536,172068,,,
206229,37536,175640,,,
206236,37536,173070,,,
206243,37536,171910,,,
206250,37509,104143,,,
206257,37517,190489,,,
206264,37527,187568,,,
206271,37544,151137,,,
206278,37532,180719,,,
206285,37532,179125,,,
206292,37532,172414,,,
206297,37532,174415,,,
206301,37532,180026,,,
206308,37532,181019,,,
206315,37532,177355,,,
206322,37532,179394,,,
206329,37532,180393,,,
206336,37532,169617,,,
206343,37532,173137,,,
206350,37532,181281,,,
206357,37532,179715,,,
206364,37497,189412,,,
206371,37497,187817,,,
206378,37497,183696,,,
206385,37497,183677,,,
206392,37497,183670,,,
206399,37497,183663,,,
206404,37497,183627,,,
206408,37497,183623,,,
206415,37497,183616,,,
206422,37497,183609,,,
206429,37497,183602,,,
206436,37497,183588,,,
206443,37497,183586,,,
206450,37497,183579,,,
206457,37497,183573,,,
206464,37497,183567,,,
206471,37497,183562,,,
206478,37497,193214,,,
206485,37497,193203,,,
206492,37497,193196,,,
206499,37497,191599,,,
206506,37497,184409,,,
206511,37497,195648,,,
206515,37497,186376,,,
206522,37519,198502,,,
206529,37549,200548,,,
206536,37561,182397,,,
206543,37561,186985,,,
206550,37561,193486,,,
206557,37561,196028,,,
206564,37561,192680,,,
206571,37561,182181,,,
206578,37561,184604,,,
206585,37561,182411,,,
206592,37591,175065,,,
206599,37591,171951,,,
206606,37591,173394,,,
206613,37591,172859,,,
206618,37591,169772,,,
206622,37591,173864,,,
206629,37591,175341,,,
206636,37591,178375,,,
206643,37591,170648,,,
206650,37591,178300,,,
206657,37591,178291,,,
206664,37591,169563,,,
206671,37591,178744,,,
206678,37596,190333,,,
206685,37596,188268,,,
206692,37596,189248,,,
206699,37596,192015,,,
206706,37612,103666,,,
206713,37612,118498,,,
206720,37612,152399,,,
206725,37612,106692,,,
206729,37612,117290,,,
206736,37570,147660,,,
206743,37587,182479,,,
206750,37576,184680,,,
206757,37576,189778,,,
206764,37576,192190,,,
206771,37576,182826,,,
206778,37576,188162,,,
206785,37571,190321,,,
206792,37571,183778,,,
206799,37571,185691,,,
206806,37571,188864,,,
206813,37571,192292,,,
206820,37571,187807,,,
206827,37571,187541,,,
206832,37571,183057,,,
206836,37571,182919,,,
206843,37593,186972,,,
206850,37621,181852,,,
206857,37621,182788,,,
206864,37615,108720,,,
206871,37589,177115,,,
206878,37580,130123,,,
206885,37613,163502,,,
206892,37630,201968,,,
206899,37622,141668,,,
206906,37590,190836,,,
206913,37590,190621,,,
206920,37590,184515,,,
206927,37590,196026,,,
206934,37590,192685,,,
206939,37590,192680,,,
206943,37590,192676,,,
206950,37590,184606,,,
206957,37590,192666,,,
206964,37590,184336,,,
206971,37594,174847,,,
206978,37594,173043,,,
206985,37594,169834,,,
206992,37594,175578,,,
206999,37594,178886,,,
207006,37594,169650,,,
207013,37594,179358,,,
207020,37594,176536,,,
207027,37594,178188,,,
207034,37594,174850,,,
207041,37610,201517,,,
207046,37592,156442,,,
207050,37592,169301,,,
207057,37575,140581,,,
207064,37582,105582,,,
207071,37577,170997,,,
207078,37577,176106,,,
207085,37577,174255,,,
207092,37578,160607,,,
207099,37627,104095,,,
207106,37627,165384,,,
207113,37617,122335,,,
207120,37617,121407,,,
207127,37629,200068,,,
207134,37623,122334,,,
207141,37623,106818,,,
207148,37623,107426,,,
207153,37623,103957,,,
207157,37623,141967,,,
207160,37623,133258,,,
207171,37638,179687,,,
207178,37638,180686,,,
207185,37638,179123,,,
207192,37638,178595,,,
207199,37638,171924,,,
207206,37638,170889,,,
207213,37638,180091,,,
207220,37638,170861,,,
207227,37638,170848,,,
207234,37638,170839,,,
207241,37638,180546,,,
207248,37638,177461,,,
207255,37638,170280,,,
207260,37638,180002,,,
207264,37638,170783,,,
207271,37638,173846,,,
207278,37638,178437,,,
207285,37638,173809,,,
207292,37638,171730,,,
207299,37638,180420,,,
207306,37638,174774,,,
207313,37638,174250,,,
207320,37638,171166,,,
207327,37638,171142,,,
207334,37638,179825,,,
207341,37638,180779,,,
207348,37638,174107,,,
207355,37638,180743,,,
207362,37619,127020,,,
207367,37619,163717,,,
207371,37619,137857,,,
207378,37618,179698,,,
207385,37618,170979,,,
207392,37618,180686,,,
207399,37618,175038,,,
207406,37618,179110,,,
207413,37618,176536,,,
207420,37618,169854,,,
207427,37618,170359,,,
207434,37618,181083,,,
207441,37618,178500,,,
207448,37618,174398,,,
207455,37618,176437,,,
207462,37618,171307,,,
207469,37618,172325,,,
207474,37618,180511,,,
207478,37618,180496,,,
207485,37618,175340,,,
207492,37618,178891,,,
207499,37618,179901,,,
207506,37618,173226,,,
207513,37618,178323,,,
207520,37618,178308,,,
207527,37618,178295,,,
207534,37618,176723,,,
207541,37618,179235,,,
207548,37618,173071,,,
207555,37618,180741,,,
207562,37626,103290,,,
207569,37607,179104,,,
207576,37607,170987,,,
207581,37607,181214,,,
207585,37607,179678,,,
207592,37607,170450,,,
207599,37607,171463,,,
207606,37607,176575,,,
207613,37607,181023,,,
207620,37607,177577,,,
207627,37607,171938,,,
207634,37607,174493,,,
207641,37607,176530,,,
207648,37607,181132,,,
207655,37607,176512,,,
207662,37607,170874,,,
207669,37607,178027,,,
207676,37607,178017,,,
207683,37607,177490,,,
207688,37607,171334,,,
207692,37607,176847,,,
207699,37607,171202,,,
207706,37607,175803,,,
207713,37607,169647,,,
207720,37607,171172,,,
207727,37607,175769,,,
207734,37607,179346,,,
207741,37607,171142,,,
207748,37607,180350,,,
207755,37607,180843,,,
207762,37607,171104,,,
207769,37607,176446,,,
207776,37607,177973,,,
207783,37607,179505,,,
207790,37607,170792,,,
207795,37607,180002,,,
207799,37607,170783,,,
207806,37607,180504,,,
207813,37607,170756,,,
207820,37607,170219,,,
207827,37607,173795,,,
207834,37607,181331,,,
207841,37607,177737,,,
207848,37607,174647,,,
207855,37607,180772,,,
207862,37607,181275,,,
207869,37607,177674,,,
207876,37636,192084,,,
207883,37636,184145,,,
207890,37636,192929,,,
207897,37569,190258,,,
207902,37569,189256,,,
207906,37569,181474,,,
207913,37634,126831,,,
207920,37595,142163,,,
207927,37616,174068,,,
207934,37616,173020,,,
207941,37616,174527,,,
207948,37616,179616,,,
207955,37616,173959,,,
207962,37616,179069,,,
207969,37616,181086,,,
207976,37616,173394,,,
207983,37616,179014,,,
207990,37616,175924,,,
207997,37616,178459,,,
208004,37616,180486,,,
208009,37616,180990,,,
208013,37616,176873,,,
208020,37616,172245,,,
208027,37616,178352,,,
208034,37616,179341,,,
208041,37616,177272,,,
208048,37616,181346,,,
208055,37616,169550,,,
208062,37616,179781,,,
208069,37616,174646,,,
208076,37616,174100,,,
208083,37614,189438,,,
208090,37614,185459,,,
208097,37614,190827,,,
208104,37614,190175,,,
208111,37614,192203,,,
208116,37614,194626,,,
208120,37614,190139,,,
208127,37614,182648,,,
208134,37614,188429,,,
208141,37614,185863,,,
208148,37601,130491,,,
208155,37584,176617,,,
208162,37584,174529,,,
208169,37584,176012,,,
208176,37584,171904,,,
208183,37584,176451,,,
208190,37584,176432,,,
208197,37584,180500,,,
208204,37584,180980,,,
208211,37584,179915,,,
208218,37584,178348,,,
208223,37584,179358,,,
208227,37584,181358,,,
208234,37584,175170,,,
208241,37584,180757,,,
208248,37710,160383,,,
208255,37710,151006,,,
208262,37710,126263,,,
208269,37710,135946,,,
208276,37651,121439,,,
208283,37651,130471,,,
208290,37685,131053,,,
208297,37695,132828,,,
208304,37695,142906,,,
208311,37695,162820,,,
208318,37653,163324,,,
208325,37653,116786,,,
208330,37653,118861,,,
208334,37653,168993,,,
208341,37715,162046,,,
208348,37715,204274,,,
208355,37715,113090,,,
208362,37715,166189,,,
208369,37715,116639,,,
208376,37715,123676,,,
208383,37715,118277,,,
208390,37709,178162,,,
208397,37709,178133,,,
208404,37709,178103,,,
208411,37709,173981,,,
208418,37709,171922,,,
208425,37709,171893,,,
208432,37709,179853,,,
208437,37709,179819,,,
208441,37709,179741,,,
208448,37709,169439,,,
208455,37709,179612,,,
208462,37709,179577,,,
208469,37709,171320,,,
208476,37709,177446,,,
208483,37709,177430,,,
208490,37709,179444,,,
208497,37709,179391,,,
208504,37709,173212,,,
208511,37709,179303,,,
208518,37709,175196,,,
208525,37709,181271,,,
208532,37709,177147,,,
208539,37709,173020,,,
208544,37709,179123,,,
208548,37709,179103,,,
208555,37709,170888,,,
208562,37709,170854,,,
208569,37709,181085,,,
208576,37709,179011,,,
208583,37709,178995,,,
208590,37709,181014,,,
208597,37709,170766,,,
208604,37709,172781,,,
208611,37709,176847,,,
208618,37709,174528,,,
208625,37709,178595,,,
208632,37709,176537,,,
208639,37709,172408,,,
208646,37709,174420,,,
208651,37709,170294,,,
208655,37709,180519,,,
208662,37709,180511,,,
208669,37709,180489,,,
208676,37709,169825,,,
208683,37709,169791,,,
208690,37709,175907,,,
208697,37709,171780,,,
208704,37709,173784,,,
208711,37709,179896,,,
208718,37709,174739,,,
208725,37709,176754,,,
208732,37709,176746,,,
208739,37709,180820,,,
208746,37709,172607,,,
208753,37709,180791,,,
208758,37709,172573,,,
208762,37709,180744,,,
208769,37709,176615,,,
208776,37709,176575,,,
208783,37709,180473,,,
208790,37709,170161,,,
208797,37709,172169,,,
208804,37709,172112,,,
208811,37709,174150,,,
208818,37709,174100,,,
208825,37655,140460,,,
208832,37703,160613,,,
208839,37703,163033,,,
208846,37703,103857,,,
208853,37703,133906,,,
208860,37686,200727,,,
208865,37686,202857,,,
208869,37686,199971,,,
208876,37696,132828,,,
208883,37696,137123,,,
208890,37696,132869,,,
208897,37688,127131,,,
208904,37688,107012,,,
208911,37677,179698,,,
208918,37677,181199,,,
208925,37677,179135,,,
208932,37677,178600,,,
208939,37677,176525,,,
208946,37677,169836,,,
208953,37677,178524,,,
208960,37677,179027,,,
208967,37677,175920,,,
208972,37677,170788,,,
208976,37677,173321,,,
208983,37677,180971,,,
208990,37677,178891,,,
208997,37677,180896,,,
209004,37677,180336,,,
209011,37677,176194,,,
209018,37677,179755,,,
209025,37677,173071,,,
209032,37716,169885,,,
209039,37716,179490,,,
209046,37684,141668,,,
209053,37680,103924,,,
209060,37680,124395,,,
209067,37674,133625,,,
209074,37674,168775,,,
209079,37674,107816,,,
209083,37674,107807,,,
209090,37711,136437,,,
209097,37711,136449,,,
209104,37640,173052,,,
209111,37640,180701,,,
209118,37640,170444,,,
209125,37640,179625,,,
209132,37640,176536,,,
209139,37640,175989,,,
209146,37640,169801,,,
209153,37640,176437,,,
209160,37640,178474,,,
209167,37640,176927,,,
209174,37640,178449,,,
209181,37640,173813,,,
209186,37640,175340,,,
209190,37640,171241,,,
209197,37640,179914,,,
209204,37640,181436,,,
209211,37640,179898,,,
209218,37640,179367,,,
209225,37640,171687,,,
209232,37640,172691,,,
209239,37640,176256,,,
209246,37640,181339,,,
209253,37640,175176,,,
209260,37640,173109,,,
209267,37640,173096,,,
209274,37640,178188,,,
209281,37689,132151,,,
209288,37689,103851,,,
209293,37663,191594,,,
209297,37641,190063,,,
209304,37662,180722,,,
209311,37662,178407,,,
209318,37662,171985,,,
209325,37662,173239,,,
209332,37662,177188,,,
209339,37662,169624,,,
209346,37662,171274,,,
209353,37693,121845,,,
209360,37693,144872,,,
209367,37693,130394,,,
209374,37693,140244,,,
209381,37693,128584,,,
209388,37693,144815,,,
209395,37693,118310,,,
209400,37693,134171,,,
209404,37693,125080,,,
209411,37693,132742,,,
209418,37644,130039,,,
209425,37644,127465,,,
209432,37644,133596,,,
209439,37644,137674,,,
209446,37644,103865,,,
209453,37644,136586,,,
209460,37644,126860,,,
209467,37644,107908,,,
209474,37644,142201,,,
209481,37644,107380,,,
209488,37644,130401,,,
209495,37644,130390,,,
209502,37644,142666,,,
209507,37644,167736,,,
209511,37644,145199,,,
209518,37644,136460,,,
209525,37644,105724,,,
209532,37644,136936,,,
209539,37644,169175,,,
209546,37644,131270,,,
209553,37644,127665,,,
209560,37644,136868,,,
209567,37644,137369,,,
209574,37644,104078,,,
209581,37644,130698,,,
209588,37644,105598,,,
209595,37644,134761,,,
209602,37644,160844,,,
209609,37644,132155,,,
209614,37644,121902,,,
209618,37644,128028,,,
209625,37644,123412,,,
209632,37644,106508,,,
209639,37644,126468,,,
209646,37649,127942,,,
209653,37645,200857,,,
209660,37645,200556,,,
209667,37698,145918,,,
209674,37698,122099,,,
209681,37698,120409,,,
209688,37698,138177,,,
209695,37698,150706,,,
209702,37698,161798,,,
209709,37673,193209,,,
209716,37673,181515,,,
209721,37673,192993,,,
209725,37691,120825,,,
209732,37691,128352,,,
209739,37691,141143,,,
209746,37691,127672,,,
209753,37691,141228,,,
209760,37691,150030,,,
209767,37704,142840,,,
209774,37704,108253,,,
209781,37704,107604,,,
209788,37704,116683,,,
209795,37704,142525,,,
209802,37704,117051,,,
209809,37704,117684,,,
209816,37704,120108,,,
209823,37704,136966,,,
209828,37669,200314,,,
209832,37669,199662,,,
209839,37669,202853,,,
209846,37669,200665,,,
209853,37669,202558,,,
209860,37669,200373,,,
209867,37669,199720,,,
209874,37669,200725,,,
209881,37661,127261,,,
209888,37661,162530,,,
209895,37647,167884,,,
209902,37658,150780,,,
209909,37682,110073,,,
209916,37682,127949,,,
209923,37682,116658,,,
209930,37682,163360,,,
209935,37657,133659,,,
209939,37657,133643,,,
209946,37718,136209,,,
209953,37718,106922,,,
209960,37794,184437,,,
209967,37794,193390,,,
209974,37794,192831,,,
209981,37794,182952,,,
209988,37794,182944,,,
209995,37794,192020,,,
210002,37769,123742,,,
210009,37769,157526,,,
210016,37769,136167,,,
210023,37728,190309,,,
210030,37728,186797,,,
210037,37728,187416,,,
210042,37728,188040,,,
210046,37722,195576,,,
210053,37722,195531,,,
210060,37722,194972,,,
210067,37722,182648,,,
210074,37722,188238,,,
210081,37722,183569,,,
210088,37722,183551,,,
210095,37722,189668,,,
210102,37722,187023,,,
210109,37722,186477,,,
210116,37722,192084,,,
210123,37722,190006,,,
210130,37722,186376,,,
210137,37750,192956,,,
210144,37750,191633,,,
210149,37750,197857,,,
210153,37765,103666,,,
210160,37765,107087,,,
210167,37765,126107,,,
210174,37800,105051,,,
210181,37737,155061,,,
210188,37737,103298,,,
210195,37761,190842,,,
210202,37754,147359,,,
210209,37754,147360,,,
210216,37799,141668,,,
210223,37774,134254,,,
210230,37774,133600,,,
210237,37774,133294,,,
210244,37768,139540,,,
210251,37763,179391,,,
210256,37763,178133,,,
210260,37763,171922,,,
210267,37763,171463,,,
210274,37751,188268,,,
210281,37751,192320,,,
210288,37751,188055,,,
210295,37770,132062,,,
210302,37770,148899,,,
210309,37738,188765,,,
210316,37738,185652,,,
210323,37738,192795,,,
210330,37738,188155,,,
210337,37738,190691,,,
210344,37738,181958,,,
210351,37738,189093,,,
210358,37738,186855,,,
210363,37738,183235,,,
210367,37738,187815,,,
210374,37738,187789,,,
210381,37738,195213,,,
210388,37738,185440,,,
210395,37738,187976,,,
210402,37738,187442,,,
210409,37738,192547,,,
210416,37738,193544,,,
210423,37784,180676,,,
210430,37784,181162,,,
210437,37784,178047,,,
210444,37784,179542,,,
210451,37784,170810,,,
210458,37784,175873,,,
210465,37784,171225,,,
210470,37784,180409,,,
210474,37784,173233,,,
210481,37784,171161,,,
210488,37784,181384,,,
210495,37784,178306,,,
210502,37784,179285,,,
210509,37784,172097,,,
210516,37784,178725,,,
210523,37784,180741,,,
210530,37772,178930,,,
210537,37772,175332,,,
210544,37772,171260,,,
210551,37772,179146,,,
210558,37772,179896,,,
210565,37772,169775,,,
210572,37772,174120,,,
210577,37772,175649,,,
210581,37772,172698,,,
210588,37772,179077,,,
210595,37792,148782,,,
210602,37732,183401,,,
210609,37732,195386,,,
210616,37732,182445,,,
210623,37732,185503,,,
210630,37732,183438,,,
210637,37785,166069,,,
210644,37721,192287,,,
210651,37721,183061,,,
210658,37721,188930,,,
210665,37744,127959,,,
210672,37744,141962,,,
210679,37790,105529,,,
210684,37790,135854,,,
210688,37790,132773,,,
210695,37756,190186,,,
210702,37756,192837,,,
210709,37756,192423,,,
210716,37723,146127,,,
210723,37762,191899,,,
210730,37730,199676,,,
210737,37730,199948,,,
210744,37745,104275,,,
210751,37775,106711,,,
210758,37775,106348,,,
210765,37793,199420,,,
210772,37793,199665,,,
210779,37793,199404,,,
210786,37793,199418,,,
210791,37793,200353,,,
210795,37793,200727,,,
210802,37720,171902,,,
210809,37720,180596,,,
210816,37720,178532,,,
210823,37720,172372,,,
210830,37720,169801,,,
210837,37720,173371,,,
210844,37720,180504,,,
210851,37720,172309,,,
210858,37720,171790,,,
210865,37720,179457,,,
210872,37720,171771,,,
210879,37720,180679,,,
210886,37720,173795,,,
210893,37720,179409,,,
210898,37720,173260,,,
210902,37720,172229,,,
210909,37720,169644,,,
210916,37720,170136,,,
210923,37720,172169,,,
210930,37720,172660,,,
210937,37720,176747,,,
210944,37720,175201,,,
210951,37720,175600,,,
210958,37720,176617,,,
210965,37720,172505,,,
210972,37720,176082,,,
210979,37720,176583,,,
210986,37720,179138,,,
210993,37720,176572,,,
211000,37720,173991,,,
211005,37720,178080,,,
211009,37720,178072,,,
211016,37720,172440,,,
211023,37720,176525,,,
211030,37720,171912,,,
211037,37720,178563,,,
211044,37720,177240,,,
211051,37720,178251,,,
211058,37720,175668,,,
211065,37720,178201,,,
211072,37720,179730,,,
211079,37720,175624,,,
211086,37786,187883,,,
211093,37786,185651,,,
211100,37786,191748,,,
211107,37786,181989,,,
211112,37786,195287,,,
211116,37786,191684,,,
211123,37786,183951,,,
211130,37786,194148,,,
211137,37786,194141,,,
211144,37786,194135,,,
211151,37786,190944,,,
211158,37786,183211,,,
211165,37786,191363,,,
211172,37786,194398,,,
211179,37786,194113,,,
211186,37786,194107,,,
211193,37786,194100,,,
211200,37786,194089,,,
211207,37786,194091,,,
211214,37786,192538,,,
211219,37736,185702,,,
211223,37736,181458,,,
211230,37736,187449,,,
211237,37736,195087,,,
211244,37741,149636,,,
211251,37748,180980,,,
211258,37748,170350,,,
211265,37748,172125,,,
211272,37748,169801,,,
211279,37748,176437,,,
211286,37748,172573,,,
211293,37748,171798,,,
211300,37748,178187,,,
211307,37796,190446,,,
211314,37796,190441,,,
211321,37796,189920,,,
211326,37796,181721,,,
211330,37796,188271,,,
211337,37796,189256,,,
211344,37796,191285,,,
211351,37796,187095,,,
211358,37796,197323,,,
211365,37796,193215,,,
211372,37796,183470,,,
211379,37796,194698,,,
211386,37796,183907,,,
211393,37796,186972,,,
211400,37796,182793,,,
211407,37856,127998,,,
211414,37856,131018,,,
211421,37856,162721,,,
211428,37856,160770,,,
211433,37805,119279,,,
211437,37842,116061,,,
211444,37842,105868,,,
211451,37806,147898,,,
211458,37808,190110,,,
211465,37844,125816,,,
211472,37844,126825,,,
211479,37844,142418,,,
211486,37844,124480,,,
211493,37844,147500,,,
211500,37844,130726,,,
211507,37844,162961,,,
211514,37844,130830,,,
211521,37844,103301,,,
211528,37803,106298,,,
211535,37803,126702,,,
211540,37803,132424,,,
211544,37843,189166,,,
211551,37864,190841,,,
211558,37864,198760,,,
211565,37876,152673,,,
211572,37824,190101,,,
211579,37807,180980,,,
211586,37807,173043,,,
211593,37807,172264,,,
211600,37807,179797,,,
211607,37807,180679,,,
211614,37807,175224,,,
211621,37807,179358,,,
211628,37807,171799,,,
211635,37807,169487,,,
211642,37807,176512,,,
211647,37868,119708,,,
211651,37868,116447,,,
211658,37868,120450,,,
211665,37879,201019,,,
211672,37879,199429,,,
211679,37878,118522,,,
211686,37878,104688,,,
211693,37878,133729,,,
211700,37878,137412,,,
211707,37878,137401,,,
211714,37878,160554,,,
211721,37878,103717,,,
211728,37878,105629,,,
211735,37878,137111,,,
211742,37878,103435,,,
211749,37859,107518,,,
211754,37859,134209,,,
211758,37809,134518,,,
211765,37881,196980,,,
211772,37881,192480,,,
211779,37881,190417,,,
211786,37881,187730,,,
211793,37881,190415,,,
211800,37881,190416,,,
211807,37881,195382,,,
211814,37881,188307,,,
211821,37817,199569,,,
211828,37837,184682,,,
211835,37837,184162,,,
211842,37837,186195,,,
211849,37837,192299,,,
211856,37837,187296,,,
211861,37837,193688,,,
211865,37837,191630,,,
211872,37837,183810,,,
211879,37849,162851,,,
211886,37867,179490,,,
211893,37866,144912,,,
211900,37832,125716,,,
211907,37826,130031,,,
211914,37826,166221,,,
211921,37826,140541,,,
211928,37857,139605,,,
211935,37812,191509,,,
211942,37812,186346,,,
211949,37812,185152,,,
211956,37863,181133,,,
211963,37863,180483,,,
211968,37829,131185,,,
211972,37829,107240,,,
211979,37829,164021,,,
211986,37829,106521,,,
211993,37831,183704,,,
212000,37831,193766,,,
212007,37823,140468,,,
212014,37823,128041,,,
212021,37833,178595,,,
212028,37833,177395,,,
212035,37833,174949,,,
212042,37833,180693,,,
212049,37833,178117,,,
212056,37833,175033,,,
212063,37833,179110,,,
212070,37833,170790,,,
212075,37833,173979,,,
212079,37833,180893,,,
212086,37833,178326,,,
212093,37833,180735,,,
212100,37833,178437,,,
212107,37855,169623,,,
212114,37841,196135,,,
212121,37873,160495,,,
212128,37873,127190,,,
212135,37873,141632,,,
212142,37873,161075,,,
212149,37873,133777,,,
212156,37845,148955,,,
212163,37830,119673,,,
212170,37830,113090,,,
212177,37836,135923,,,
212182,37836,165866,,,
212186,37836,144606,,,
212193,37836,127952,,,
212200,37836,127417,,,
212207,37836,134187,,,
212214,37836,129812,,,
212221,37836,128394,,,
212228,37869,142821,,,
212235,37869,135633,,,
212242,37869,137611,,,
212249,37909,191317,,,
212256,37893,130039,,,
212263,37893,122333,,,
212270,37893,134589,,,
212277,37893,162696,,,
212284,37893,128364,,,
212289,37893,141143,,,
212293,37893,134452,,,
212300,37893,105724,,,
212307,37893,147159,,,
212314,37893,130737,,,
212321,37893,108180,,,
212328,37893,149053,,,
212335,37893,130070,,,
212342,37893,126986,,,
212349,37915,126361,,,
212356,37915,140937,,,
212363,37911,183931,,,
212370,37911,190449,,,
212377,37911,183910,,,
212384,37911,190280,,,
212391,37911,193212,,,
212396,37911,186524,,,
212398,37911,184602,,,
212405,37911,183955,,,
212412,37911,183943,,,
212419,37911,183936,,,
212426,37948,125731,,,
212433,37957,127949,,,
212440,37936,199421,,,
212447,37936,199665,,,
212454,37936,199404,,,
212461,37936,199422,,,
212468,37936,201375,,,
212475,37953,165963,,,
212482,37891,125418,,,
212489,37892,162721,,,
212499,37886,133364,,,
212503,37886,163746,,,
212507,37886,123752,,,
212514,37886,136793,,,
212521,37886,163400,,,
212528,37886,142015,,,
212535,37886,130991,,,
212542,37886,138665,,,
212549,37886,122402,,,
212556,37886,144789,,,
212563,37886,140942,,,
212570,37886,111623,,,
212577,37965,120168,,,
212584,37965,148804,,,
212591,37965,130988,,,
212598,37965,114724,,,
212605,37965,140942,,,
212610,37883,133016,,,
212614,37883,132424,,,
212621,37935,129215,,,
212628,37959,186602,,,
212635,37959,195203,,,
212642,37919,193394,,,
212649,37919,187358,,,
212656,37919,192840,,,
212663,37919,192575,,,
212670,37919,182971,,,
212677,37919,190900,,,
212684,37919,192166,,,
212691,37919,182950,,,
212698,37919,182943,,,
212705,37919,188820,,,
212712,37919,190854,,,
212717,37919,181890,,,
212721,37903,173883,,,
212728,37903,179148,,,
212735,37903,181217,,,
212742,37902,140471,,,
212749,37949,169077,,,
212756,37885,193646,,,
212763,37924,178676,,,
212770,37924,172232,,,
212777,37901,169854,,,
212784,37901,178521,,,
212791,37901,176833,,,
212798,37901,171306,,,
212805,37901,169875,,,
212812,37901,178305,,,
212819,37922,177400,,,
212824,37922,173033,,,
212828,37922,179674,,,
212835,37922,173784,,,
212842,37922,172483,,,
212849,37922,175672,,,
212856,37922,180512,,,
212863,37922,172187,,,
212870,37922,171924,,,
212877,37922,179201,,,
212884,37943,186795,,,
212891,37943,184737,,,
212898,37910,200022,,,
212905,37884,140127,,,
212912,37925,165213,,,
212919,37925,106359,,,
212926,37925,103595,,,
212931,37931,108286,,,
212935,37931,108277,,,
212942,37931,124511,,,
212949,37931,160322,,,
212956,37931,130977,,,
212963,37931,116491,,,
212970,37961,106347,,,
212977,37916,169197,,,
212984,37916,128095,,,
212991,37916,168517,,,
212998,37916,142906,,,
213005,37916,134801,,,
213012,37916,169088,,,
213019,37888,123080,,,
213026,37963,194037,,,
213033,37963,193455,,,
213038,37963,188820,,,
213042,37963,185732,,,
213049,37963,190809,,,
213056,37963,186117,,,
213063,37963,189669,,,
213070,37963,184021,,,
213077,37963,191621,,,
213084,37963,189031,,,
213091,37963,185956,,,
213098,37963,183885,,,
213105,37963,192563,,,
213112,37963,186893,,,
213119,37917,130760,,,
213126,37926,183801,,,
213133,37960,162990,,,
213140,38012,116118,,,
213145,38012,123624,,,
213149,38012,163203,,,
213156,37987,165344,,,
213163,37987,151992,,,
213170,37987,125335,,,
213177,37987,123226,,,
213184,37987,137015,,,
213191,37987,167199,,,
213198,37987,145165,,,
213205,37987,163560,,,
213212,37987,123590,,,
213219,37987,145074,,,
213226,37987,142966,,,
213233,37987,136265,,,
213240,37987,131099,,,
213247,38013,165839,,,
213252,38013,162629,,,
213256,37995,188190,,,
213263,38003,149363,,,
213270,38003,114909,,,
213277,38003,151246,,,
213284,38003,145211,,,
213291,38003,148261,,,
213298,38016,148735,,,
213305,37976,197431,,,
213312,38035,117457,,,
213319,38035,116786,,,
213326,38035,122648,,,
213333,38035,137216,,,
213340,37975,192837,,,
213347,37975,190148,,,
213354,37975,190142,,,
213359,37975,194308,,,
213363,37996,121237,,,
213370,38026,180222,,,
213377,38026,176108,,,
213384,38026,170966,,,
213391,38026,169896,,,
213398,38026,169854,,,
213405,38026,170339,,,
213412,38026,177478,,,
213419,38026,172342,,,
213426,38026,172325,,,
213433,38026,178386,,,
213440,38026,176281,,,
213447,38026,180326,,,
213454,38026,178254,,,
213461,38026,180769,,,
213466,38026,173071,,,
213470,37982,166490,,,
213477,37982,149001,,,
213484,37972,170396,,,
213491,37972,170889,,,
213498,37972,178051,,,
213505,37972,181097,,,
213512,37972,180548,,,
213519,37972,179487,,,
213526,37972,179479,,,
213533,37972,181005,,,
213540,37972,170758,,,
213547,37972,172263,,,
213554,37972,173771,,,
213561,37972,171199,,,
213568,37972,171000,,,
213573,37972,174578,,,
213577,37972,169439,,,
213584,37972,180679,,,
213591,37972,170162,,,
213598,37972,179370,,,
213605,37972,181357,,,
213612,37972,179797,,,
213619,37972,175672,,,
213626,37972,180759,,,
213633,38040,179199,,,
213640,38040,180681,,,
213647,38040,177593,,,
213654,38040,174484,,,
213661,38040,170330,,,
213668,38040,180015,,,
213675,38040,176909,,,
213680,38040,175354,,,
213684,38040,179953,,,
213691,38040,171207,,,
213698,38040,181367,,,
213705,38040,171107,,,
213712,38040,179765,,,
213719,38040,180759,,,
213726,38000,191858,,,
213733,37977,182768,,,
213740,37977,192982,,,
213747,37977,190914,,,
213754,37977,187807,,,
213761,37977,188239,,,
213768,37977,195876,,,
213775,37977,181515,,,
213782,37977,192731,,,
213787,37977,183958,,,
213791,37977,188042,,,
213798,37977,181855,,,
213805,37977,194639,,,
213812,37977,186931,,,
213819,37977,182305,,,
213826,37977,195082,,,
213833,38007,105598,,,
213840,38007,161260,,,
213847,38007,144583,,,
213854,38007,108469,,,
213861,38007,127275,,,
213868,38007,104607,,,
213875,38007,137369,,,
213882,38007,135949,,,
213889,37970,184436,,,
213894,37970,183887,,,
213898,37970,195105,,,
213905,37989,163658,,,
213912,37990,202445,,,
213919,37988,121229,,,
213926,38008,190968,,,
213933,38008,193572,,,
213940,38008,185619,,,
213947,38008,193676,,,
213954,38008,193669,,,
213961,38002,190424,,,
213968,38002,190408,,,
213975,38002,190655,,,
213982,38002,191005,,,
213989,37985,150129,,,
213996,38018,188203,,,
214001,37974,192497,,,
214005,37974,190420,,,
214012,37974,195387,,,
214019,37974,195483,,,
214026,38009,166260,,,
214033,38027,173140,,,
214040,37999,108081,,,
214047,38043,199471,,,
214054,38044,195046,,,
214061,38044,193424,,,
214068,38044,189311,,,
214075,38044,189304,,,
214082,38044,189297,,,
214089,38044,189786,,,
214096,38044,190267,,,
214103,38044,185649,,,
214108,38044,198908,,,
214112,38044,189670,,,
214119,38044,189623,,,
214126,38044,185439,,,
214133,38044,194056,,,
214140,37991,147719,,,
214147,38004,200010,,,
214154,38024,178162,,,
214161,38024,180187,,,
214168,38024,169920,,,
214175,38024,171934,,,
214182,38024,171925,,,
214189,38024,169864,,,
214196,38024,169834,,,
214203,38024,169808,,,
214210,38024,180000,,,
214215,38024,173836,,,
214219,38024,206571,,,
214226,38024,179017,,,
214233,38024,181041,,,
214240,38024,181024,,,
214247,38024,181013,,,
214254,38024,176847,,,
214261,38024,180921,,,
214268,38024,178844,,,
214275,38024,180821,,,
214282,38024,172604,,,
214289,38024,172577,,,
214296,38024,180749,,,
214303,38024,172521,,,
214310,38024,180686,,,
214317,38024,174516,,,
214322,38024,178595,,,
214326,38024,180631,,,
214333,38024,172408,,,
214340,38024,173784,,,
214347,38024,175769,,,
214354,38024,179786,,,
214361,38024,179749,,,
214368,38024,175624,,,
214375,38024,179674,,,
214382,38024,171463,,,
214389,38024,179518,,,
214396,38024,179481,,,
214403,38024,171260,,,
214410,38024,179428,,,
214417,38024,179391,,,
214424,38024,179358,,,
214429,38024,171127,,,
214433,38024,181340,,,
214440,38024,181262,,,
214447,38024,170991,,,
214454,38024,172988,,,
214461,38024,179110,,,
214468,38024,177038,,,
214475,38024,181086,,,
214482,38024,179029,,,
214489,38024,174414,,,
214496,38024,178469,,,
214503,38024,172312,,,
214510,38024,174331,,,
214517,38024,180391,,,
214524,38024,170027,,,
214531,38038,134194,,,
214536,37993,188953,,,
214540,37993,193967,,,
214547,37971,199419,,,
214554,37971,200425,,,
214561,37971,199884,,,
214568,37971,202551,,,
214575,37971,199428,,,
214582,38081,175593,,,
214589,38081,169409,,,
214596,38081,172980,,,
214603,38081,178602,,,
214610,38081,175520,,,
214617,38081,176015,,,
214624,38081,169339,,,
214631,38081,176957,,,
214638,38081,180002,,,
214643,38081,174366,,,
214647,38081,178945,,,
214654,38081,174307,,,
214661,38081,180910,,,
214668,38081,180362,,,
214675,38081,181306,,,
214682,38081,173606,,,
214689,38081,178192,,,
214696,38067,136435,,,
214703,38067,141668,,,
214710,38067,152012,,,
214717,38067,106820,,,
214724,38067,107172,,,
214731,38067,161675,,,
214738,38100,123514,,,
214745,38100,127190,,,
214750,38100,160833,,,
214754,38100,126376,,,
214761,38100,122752,,,
214768,38079,182266,,,
214775,38079,191167,,,
214782,38079,182275,,,
214789,38046,183199,,,
214796,38091,188270,,,
214803,38070,146127,,,
214810,38086,185252,,,
214817,38065,200548,,,
214824,38095,134412,,,
214831,38088,120750,,,
214838,38052,135760,,,
214845,38099,137402,,,
214852,38099,127980,,,
214857,38099,127685,,,
214861,38101,186473,,,
214868,38101,185292,,,
214875,38101,185064,,,
214882,38109,172525,,,
214889,38109,180168,,,
214896,38109,174009,,,
214903,38109,174493,,,
214910,38109,179599,,,
214917,38109,174433,,,
214924,38109,179029,,,
214931,38109,178506,,,
214938,38109,178459,,,
214945,38109,179457,,,
214952,38109,179920,,,
214959,38109,174761,,,
214964,38109,174740,,,
214968,38109,174223,,,
214975,38109,171141,,,
214982,38109,175196,,,
214989,38109,179781,,,
214996,38109,170027,,,
215003,38080,187034,,,
215010,38080,192973,,,
215017,38077,191933,,,
215024,38077,195984,,,
215031,38077,195980,,,
215038,38077,195975,,,
215045,38077,187252,,,
215052,38077,186720,,,
215059,38077,182083,,,
215066,38077,181513,,,
215071,38077,189676,,,
215075,38077,189582,,,
215082,38077,187517,,,
215089,38077,189546,,,
215096,38077,190035,,,
215103,38077,189466,,,
215110,38103,130082,,,
215117,38105,195019,,,
215124,38105,191713,,,
215131,38054,191467,,,
215138,38054,182081,,,
215145,38054,195622,,,
215152,38054,184320,,,
215159,38098,146394,,,
215166,38098,146112,,,
215173,38098,117043,,,
215178,38098,128170,,,
215182,38113,161785,,,
215189,38113,163415,,,
215196,38113,152891,,,
215203,38113,168613,,,
215210,38113,137362,,,
215217,38072,186356,,,
215224,38063,167910,,,
215231,38092,117719,,,
215238,38092,159790,,,
215245,38117,200199,,,
215252,38059,103296,,,
215259,38062,188370,,,
215266,38062,187323,,,
215273,38062,191385,,,
215280,38062,182132,,,
215285,38062,185696,,,
215289,38062,188764,,,
215296,38062,193333,,,
215303,38062,183065,,,
215310,38062,183550,,,
215317,38062,182505,,,
215324,38062,189151,,,
215331,38062,189140,,,
215338,38062,191681,,,
215345,38062,190611,,,
215352,38062,183426,,,
215359,38062,186987,,,
215366,38062,182875,,,
215373,38062,188478,,,
215380,38062,186929,,,
215387,38062,187913,,,
215392,38062,191492,,,
215396,38051,163742,,,
215403,38051,127448,,,
215410,38108,107511,,,
215417,38087,162046,,,
215424,38087,142373,,,
215431,38094,160667,,,
215438,38094,130697,,,
215445,38058,103517,,,
215452,38058,130693,,,
215459,38115,150065,,,
215466,38115,148166,,,
215473,38089,188348,,,
215480,38089,186440,,,
215487,38119,147874,,,
215494,38048,178046,,,
215499,38048,179446,,,
215503,38048,174700,,,
215510,38048,169684,,,
215517,38048,174528,,,
215524,38048,171957,,,
215531,38048,175787,,,
215538,38048,178079,,,
215545,38048,181126,,,
215552,38048,170247,,,
215559,38112,194233,,,
215566,38118,163445,,,
215573,38118,132828,,,
215580,38118,168980,,,
215587,38118,168709,,,
215594,38084,200679,,,
215601,38090,147172,,,
215606,38090,128176,,,
215610,38090,128158,,,
215617,38090,163712,,,
215624,38066,150042,,,
215631,38170,173439,,,
215638,38158,162629,,,
215645,38183,177292,,,
215652,38191,130072,,,
215659,38191,108368,,,
215666,38191,130434,,,
215673,38190,121936,,,
215680,38181,130028,,,
215687,38181,133974,,,
215694,38181,142780,,,
215701,38181,137123,,,
215708,38181,130327,,,
215713,38181,204808,,,
215717,38162,103418,,,
215724,38162,204243,,,
215731,38162,104380,,,
215738,38162,137121,,,
215745,38162,133456,,,
215752,38162,107294,,,
215759,38162,107768,,,
215766,38162,169181,,,
215773,38162,106190,,,
215780,38162,104099,,,
215787,38162,108177,,,
215794,38162,121465,,,
215801,38162,125440,,,
215808,38203,152971,,,
215815,38189,170475,,,
215820,38189,172505,,,
215824,38189,179659,,,
215831,38189,180137,,,
215838,38189,172445,,,
215845,38189,171401,,,
215852,38189,176503,,,
215859,38189,171857,,,
215866,38189,173361,,,
215873,38189,169758,,,
215880,38189,173831,,,
215887,38189,173798,,,
215894,38189,179409,,,
215901,38189,169650,,,
215908,38189,179346,,,
215915,38189,172654,,,
215922,38189,179804,,,
215927,38189,172623,,,
215931,38189,173614,,,
215938,38189,173600,,,
215945,38189,178192,,,
215952,38204,149298,,,
215959,38177,150116,,,
215966,38167,129812,,,
215973,38135,117813,,,
215980,38135,116802,,,
215987,38179,139290,,,
215994,38179,135631,,,
216001,38144,118744,,,
216008,38144,148676,,,
216015,38141,174918,,,
216022,38143,146138,,,
216029,38143,131053,,,
216034,38143,162629,,,
216038,38143,149312,,,
216045,38173,170475,,,
216052,38173,172511,,,
216059,38173,180679,,,
216066,38173,179129,,,
216073,38173,172447,,,
216080,38173,170903,,,
216087,38173,176012,,,
216094,38173,174469,,,
216101,38173,177020,,,
216108,38173,169834,,,
216115,38173,179034,,,
216122,38173,176977,,,
216129,38173,170309,,,
216136,38173,176437,,,
216141,38173,170280,,,
216145,38173,176927,,,
216152,38173,171798,,,
216159,38173,180481,,,
216166,38173,169704,,,
216173,38173,175831,,,
216180,38173,175810,,,
216187,38173,175779,,,
216194,38173,172163,,,
216201,38173,169584,,,
216208,38173,172125,,,
216215,38173,177743,,,
216222,38173,171066,,,
216229,38173,175662,,,
216236,38173,178192,,,
216243,38150,169438,,,
216248,38150,175048,,,
216252,38150,178111,,,
216259,38150,178586,,,
216266,38150,170897,,,
216273,38150,170890,,,
216280,38150,180091,,,
216287,38150,171363,,,
216294,38150,178001,,,
216301,38150,170312,,,
216308,38150,176957,,,
216315,38150,177442,,,
216322,38150,170776,,,
216329,38150,180488,,,
216336,38150,173809,,,
216343,38150,171730,,,
216350,38150,174775,,,
216355,38150,171175,,,
216359,38150,170144,,,
216366,38150,174716,,,
216373,38150,179811,,,
216380,38150,177148,,,
216387,38150,180295,,,
216394,38150,172604,,,
216401,38150,176181,,,
216408,38150,176167,,,
216415,38150,177691,,,
216422,38150,175631,,,
216429,38176,118933,,,
216436,38161,170743,,,
216443,38161,174949,,,
216450,38161,170843,,,
216457,38161,169807,,,
216462,38161,170185,,,
216466,38161,175939,,,
216473,38161,172604,,,
216480,38161,176180,,,
216487,38161,176419,,,
216494,38161,176151,,,
216501,38161,174738,,,
216503,38161,170898,,,
216515,38161,176129,,,
216522,38124,147574,,,
216529,38124,133858,,,
216536,38124,139453,,,
216543,38124,139430,,,
216550,38124,126087,,,
216557,38184,128160,,,
216564,38166,200293,,,
216569,38166,202714,,,
216573,38166,201668,,,
216580,38166,200084,,,
216587,38132,107621,,,
216594,38132,136903,,,
216601,38132,150163,,,
216608,38164,121896,,,
216615,38168,167219,,,
216622,38125,194098,,,
216629,38174,107076,,,
216636,38151,127027,,,
216643,38151,163690,,,
216650,38129,181210,,,
216657,38129,174529,,,
216664,38129,176559,,,
216671,38129,171417,,,
216676,38129,176015,,,
216680,38129,176008,,,
216687,38129,171378,,,
216694,38129,176977,,,
216701,38129,175938,,,
216708,38129,173873,,,
216715,38129,181025,,,
216722,38129,180500,,,
216729,38129,171255,,,
216736,38129,176860,,,
216743,38129,179914,,,
216750,38129,173254,,,
216757,38129,175800,,,
216764,38129,171682,,,
216771,38129,180719,,,
216778,38129,180358,,,
216783,38129,176235,,,
216787,38129,179796,,,
216794,38129,177743,,,
216801,38129,181306,,,
216808,38129,178199,,,
216815,38129,178696,,,
216822,38148,193209,,,
216829,38148,189670,,,
216836,38201,199544,,,
216843,38138,177403,,,
216850,38138,176111,,,
216857,38138,178409,,,
216864,38138,178658,,,
216871,38138,179274,,,
216878,38138,171255,,,
216885,38138,174519,,,
216890,38138,174255,,,
216894,38138,180901,,,
216901,38138,171035,,,
216908,38138,178706,,,
216915,38172,178278,,,
216922,38172,177098,,,
216929,38172,172208,,,
216936,38172,181128,,,
216943,38195,105557,,,
216950,38156,184441,,,
216957,38156,185833,,,
216964,38156,193492,,,
216971,38156,194883,,,
216978,38156,183858,,,
216985,38156,193415,,,
216992,38156,182278,,,
216997,38133,166781,,,
217001,38133,140471,,,
217008,38133,162632,,,
217015,38133,147559,,,
217022,38200,172529,,,
217029,38200,172516,,,
217036,38200,180686,,,
217043,38200,171966,,,
217050,38200,178093,,,
217057,38200,169365,,,
217064,38200,173953,,,
217071,38200,180572,,,
217078,38200,179029,,,
217085,38200,176957,,,
217092,38200,172326,,,
217099,38200,176926,,,
217104,38200,172818,,,
217108,38200,170247,,,
217115,38200,171774,,,
217122,38200,180967,,,
217129,38200,176860,,,
217136,38200,180426,,,
217143,38200,174246,,,
217150,38200,174216,,,
217157,38200,180334,,,
217164,38200,173648,,,
217171,38200,174150,,,
217178,38200,172579,,,
217185,38200,174092,,,
217192,38200,173571,,,
217199,38222,136690,,,
217206,38222,133225,,,
217211,38222,132705,,,
217215,38222,130400,,,
217222,38222,105562,,,
217229,38222,137546,,,
217236,38222,107071,,,
217243,38222,132914,,,
217250,38222,129834,,,
217257,38222,151326,,,
217264,38222,133394,,,
217271,38222,133379,,,
217278,38253,160871,,,
217285,38219,180938,,,
217292,38216,142260,,,
217299,38246,194559,,,
217306,38246,187881,,,
217313,38246,184546,,,
217318,38246,188236,,,
217322,38246,190660,,,
217329,38246,194229,,,
217336,38246,188956,,,
217343,38246,182922,,,
217350,38206,199949,,,
217357,38257,107621,,,
217364,38214,126069,,,
217371,38214,128617,,,
217378,38214,141374,,,
217385,38214,128435,,,
217392,38214,127502,,,
217399,38214,129929,,,
217406,38260,106237,,,
217413,38260,133084,,,
217420,38260,161075,,,
217425,38260,135946,,,
217429,38213,165494,,,
217436,38213,133858,,,
217443,38213,135993,,,
217450,38213,126087,,,
217457,38278,117492,,,
217464,38278,136552,,,
217471,38278,117470,,,
217478,38278,118347,,,
217485,38278,128427,,,
217492,38278,106644,,,
217499,38278,107149,,,
217506,38212,182755,,,
217513,38226,137301,,,
217520,38237,196028,,,
217527,38237,192677,,,
217532,38243,121233,,,
217536,38242,176754,,,
217543,38242,173664,,,
217550,38242,174025,,,
217557,38242,180910,,,
217564,38242,174107,,,
217571,38242,180490,,,
217578,38217,137201,,,
217585,38217,165703,,,
217592,38217,103342,,,
217599,38217,103320,,,
217606,38267,132413,,,
217613,38232,166221,,,
217620,38268,107640,,,
217627,38268,104683,,,
217634,38268,164435,,,
217639,38268,151365,,,
217643,38268,117534,,,
217650,38234,185308,,,
217657,38234,192205,,,
217664,38227,194637,,,
217671,38225,182132,,,
217678,38225,183652,,,
217685,38225,188372,,,
217692,38225,188362,,,
217699,38225,188352,,,
217706,38225,190251,,,
217713,38225,190497,,,
217720,38225,193426,,,
217727,38275,179839,,,
217734,38275,174434,,,
217741,38275,175932,,,
217746,38275,180271,,,
217750,38275,174360,,,
217757,38248,175612,,,
217764,38248,174320,,,
217771,38248,177885,,,
217778,38248,171212,,,
217785,38248,176959,,,
217792,38248,174520,,,
217799,38248,171549,,,
217806,38248,169875,,,
217813,38228,179063,,,
217820,38228,174444,,,
217827,38228,171873,,,
217834,38228,172890,,,
217841,38228,176084,,,
217848,38228,170824,,,
217853,38228,174654,,,
217857,38228,175922,,,
217864,38228,171179,,,
217871,38228,179358,,,
217878,38228,174867,,,
217885,38228,177419,,,
217892,38228,179457,,,
217899,38271,127949,,,
217906,38230,146160,,,
217913,38230,149415,,,
217920,38276,126463,,,
217927,38276,126190,,,
217934,38276,126808,,,
217941,38276,125883,,,
217948,38276,127400,,,
217955,38276,126990,,,
217960,38240,103314,,,
217964,38240,165666,,,
217971,38236,165644,,,
217978,38229,192816,,,
217985,38229,186818,,,
217992,38254,165860,,,
217999,38254,130745,,,
218006,38254,142999,,,
218013,38254,131595,,,
218020,38211,188270,,,
218027,38211,189285,,,
218034,38279,130139,,,
218041,38279,123657,,,
218048,38251,175990,,,
218055,38251,179530,,,
218062,38218,199676,,,
218067,38218,200022,,,
218071,38218,199946,,,
218078,38273,136340,,,
218085,38235,169950,,,
218092,38259,183154,,,
218099,38259,188766,,,
218106,38259,188240,,,
218113,38259,190274,,,
218120,38259,194324,,,
218127,38259,189671,,,
218134,38259,189666,,,
218141,38259,187080,,,
218148,38259,189438,,,
218155,38259,195036,,,
218162,38259,191432,,,
218169,38259,187825,,,
218174,38259,190367,,,
218178,38259,192404,,,
218185,38259,188303,,,
218192,38259,192377,,,
218199,38259,188282,,,
218206,38259,193178,,,
218213,38259,192620,,,
218220,38259,185946,,,
218227,38259,190515,,,
218234,38259,192538,,,
218241,38259,194056,,,
218248,38239,136411,,,
218255,38261,165690,,,
218262,38261,150116,,,
218269,38316,109448,,,
218276,38312,130667,,,
218281,38288,123056,,,
218285,38308,172912,,,
218292,38308,175059,,,
218299,38308,175402,,,
218306,38308,175388,,,
218313,38308,179077,,,
218320,38286,120315,,,
218327,38286,128233,,,
218334,38286,164087,,,
218341,38286,134343,,,
218348,38286,126132,,,
218355,38286,165289,,,
218362,38286,125846,,,
218369,38286,147214,,,
218376,38286,104962,,,
218383,38302,162721,,,
218388,38283,139177,,,
218392,38333,184311,,,
218399,38333,184312,,,
218406,38333,187205,,,
218413,38333,184762,,,
218420,38333,184240,,,
218427,38333,185119,,,
218434,38333,189334,,,
218441,38333,192655,,,
218448,38351,108018,,,
218455,38351,130139,,,
218462,38351,118214,,,
218469,38351,145566,,,
218476,38327,192497,,,
218483,38327,189916,,,
218490,38327,190418,,,
218495,38327,190409,,,
218499,38327,188349,,,
218506,38327,186248,,,
218513,38327,196980,,,
218520,38327,187728,,,
218527,38327,190796,,,
218534,38327,190789,,,
218541,38327,195390,,,
218548,38327,186668,,,
218555,38327,184053,,,
218562,38327,193211,,,
218569,38327,186027,,,
218576,38327,191643,,,
218583,38327,188010,,,
218590,38327,191042,,,
218597,38327,195620,,,
218602,38327,193044,,,
218606,38336,160891,,,
218613,38336,144852,,,
218620,38336,120108,,,
218627,38284,163448,,,
218634,38284,120750,,,
218641,38349,117553,,,
218648,38328,202163,,,
218655,38306,107105,,,
218662,38306,141903,,,
218669,38306,166594,,,
218676,38306,119219,,,
218683,38306,117148,,,
218690,38306,126738,,,
218697,38313,160374,,,
218704,38330,107583,,,
218709,38330,160756,,,
218713,38330,165547,,,
218720,38330,165381,,,
218727,38299,201383,,,
218734,38352,170936,,,
218741,38352,181424,,,
218748,38290,186423,,,
218755,38290,189412,,,
218762,38318,197222,,,
218769,38338,169854,,,
218776,38338,171764,,,
218783,38338,170979,,,
218790,38338,169815,,,
218797,38338,171211,,,
218804,38338,175937,,,
218811,38338,170283,,,
218816,38338,170359,,,
218820,38338,169882,,,
218827,38338,177549,,,
218834,38291,165357,,,
218841,38291,126264,,,
218848,38291,133269,,,
218855,38291,169093,,,
218862,38319,141668,,,
218869,38341,127581,,,
218876,38341,118327,,,
218883,38341,161277,,,
218890,38345,127958,,,
218897,38301,183790,,,
218904,38301,190691,,,
218911,38301,184916,,,
218918,38301,183880,,,
218923,38301,188476,,,
218927,38301,189368,,,
218934,38301,182955,,,
218941,38301,190485,,,
218948,38301,182027,,,
218955,38298,130909,,,
218962,38298,162348,,,
218969,38298,162336,,,
218976,38320,132025,,,
218983,38320,107036,,,
218990,38320,130834,,,
218997,38305,131170,,,
219004,38331,182238,,,
219011,38331,192112,,,
219018,38339,200311,,,
219025,38307,139739,,,
219030,38329,137813,,,
219034,38329,142507,,,
219041,38344,159685,,,
219048,38311,106844,,,
219055,38300,169589,,,
219062,38300,175586,,,
219069,38300,180049,,,
219076,38300,178756,,,
219083,38300,174253,,,
219090,38300,171928,,,
219097,38300,176269,,,
219104,38300,175105,,,
219111,38324,186061,,,
219118,38324,186053,,,
219125,38314,155100,,,
219132,38314,104390,,,
219137,38314,120751,,,
219141,38314,125343,,,
219148,38314,134032,,,
219155,38314,122235,,,
219162,38314,142175,,,
219169,38314,130339,,,
219176,38314,127190,,,
219183,38314,163499,,,
219190,38314,130184,,,
219197,38314,122458,,,
219204,38314,160849,,,
219211,38314,162871,,,
219218,38314,205324,,,
219225,38315,147704,,,
219232,38315,127729,,,
219239,38315,150119,,,
219244,38315,146394,,,
219248,38315,108368,,,
219255,38315,149829,,,
219262,38315,149172,,,
219269,38315,146872,,,
219276,38315,107955,,,
219283,38315,147757,,,
219290,38315,119831,,,
219297,38315,203783,,,
219304,38353,172542,,,
219311,38353,176111,,,
219318,38353,179167,,,
219325,38353,180693,,,
219332,38353,169920,,,
219339,38353,179608,,,
219346,38353,175997,,,
219351,38353,169836,,,
219355,38353,180580,,,
219362,38353,176970,,,
219369,38353,171819,,,
219376,38353,176908,,,
219383,38353,177888,,,
219390,38353,180938,,,
219397,38353,178860,,,
219404,38353,180379,,,
219411,38353,178780,,,
219418,38353,173648,,,
219425,38353,180779,,,
219432,38353,180756,,,
219439,38416,171002,,,
219446,38416,173043,,,
219453,38416,176617,,,
219458,38416,175578,,,
219462,38416,177608,,,
219469,38416,176572,,,
219476,38416,179105,,,
219483,38416,170396,,,
219490,38416,175507,,,
219497,38416,170380,,,
219504,38416,177029,,,
219511,38416,170878,,,
219518,38416,174948,,,
219525,38416,181005,,,
219532,38416,170318,,,
219539,38416,180548,,,
219546,38416,176437,,,
219553,38416,180524,,,
219560,38416,177441,,,
219565,38416,176417,,,
219569,38416,179485,,,
219576,38416,171799,,,
219583,38416,171792,,,
219590,38416,178439,,,
219597,38416,173809,,,
219604,38416,179939,,,
219611,38416,176341,,,
219618,38416,173771,,,
219625,38416,171712,,,
219632,38416,170160,,,
219639,38416,171176,,,
219646,38416,170622,,,
219653,38416,181347,,,
219660,38416,178249,,,
219667,38416,177208,,,
219672,38416,179749,,,
219676,38416,172573,,,
219683,38416,180757,,,
219690,38416,178187,,,
219697,38388,175578,,,
219704,38388,176537,,,
219711,38388,176512,,,
219718,38388,174434,,,
219725,38388,176446,,,
219732,38388,172826,,,
219739,38388,171771,,,
219746,38388,171712,,,
219753,38388,181400,,,
219760,38388,181357,,,
219767,38388,176710,,,
219774,38388,181273,,,
219779,38388,178188,,,
219783,38386,140153,,,
219790,38386,165850,,,
219797,38386,126645,,,
219804,38386,130463,,,
219811,38386,127617,,,
219818,38419,117955,,,
219825,38415,182839,,,
219832,38415,191461,,,
219839,38377,162660,,,
219846,38377,141375,,,
219853,38377,165684,,,
219860,38377,168468,,,
219867,38412,191922,,,
219874,38410,169659,,,
219881,38368,130266,,,
219886,38368,131053,,,
219890,38368,162629,,,
219897,38358,188399,,,
219904,38358,184547,,,
219911,38358,188380,,,
219918,38358,186956,,,
219925,38358,182084,,,
219932,38358,192559,,,
219939,38358,186668,,,
219946,38358,182693,,,
219953,38358,191130,,,
219960,38358,191627,,,
219967,38358,191107,,,
219974,38361,127949,,,
219981,38418,103316,,,
219988,38405,128146,,,
219993,38426,202847,,,
219997,38426,199614,,,
220004,38426,201646,,,
220011,38394,160761,,,
220018,38394,103404,,,
220025,38394,106310,,,
220032,38394,136506,,,
220039,38394,136706,,,
220046,38432,129812,,,
220053,38429,106737,,,
220060,38355,122998,,,
220067,38355,108258,,,
220074,38355,137173,,,
220081,38355,166078,,,
220088,38355,145206,,,
220095,38355,104747,,,
220100,38355,107647,,,
220104,38355,137753,,,
220111,38355,164874,,,
220118,38437,190751,,,
220125,38437,184172,,,
220132,38427,106228,,,
220139,38427,132828,,,
220146,38427,168499,,,
220153,38427,103312,,,
220160,38365,156986,,,
220167,38365,103298,,,
220174,38435,190907,,,
220181,38435,188953,,,
220188,38435,186762,,,
220195,38436,121886,,,
220202,38436,130827,,,
220207,38428,187775,,,
220211,38428,187379,,,
220218,38428,188888,,,
220225,38428,185936,,,
220232,38428,185930,,,
220239,38428,193209,,,
220246,38428,185772,,,
220253,38428,191389,,,
220260,38422,199677,,,
220267,38420,202103,,,
220274,38420,200025,,,
220281,38420,200394,,,
220288,38420,199742,,,
220295,38420,200341,,,
220302,38400,138456,,,
220309,38378,104570,,,
220314,38392,136401,,,
220318,38392,138038,,,
220325,38392,163727,,,
220332,38407,107195,,,
220339,38397,117744,,,
220346,38397,148709,,,
220353,38397,146891,,,
220360,38397,105797,,,
220367,38397,124859,,,
220374,38397,127525,,,
220381,38397,142877,,,
220388,38397,122645,,,
220395,38360,187961,,,
220402,38360,192616,,,
220409,38366,116459,,,
220416,38371,106190,,,
220421,38371,116925,,,
220425,38371,106644,,,
220432,38362,189236,,,
220439,38387,181084,,,
220446,38387,169920,,,
220453,38387,169518,,,
220460,38387,180896,,,
220467,38387,180742,,,
220474,38408,106492,,,
220481,38408,131221,,,
220488,38408,140966,,,
220495,38457,122095,,,
220502,38457,165840,,,
220509,38457,117435,,,
220516,38457,118313,,,
220523,38457,131598,,,
220528,38493,181769,,,
220532,38493,181765,,,
220539,38486,194421,,,
220546,38486,189410,,,
220553,38486,193228,,,
220560,38486,193222,,,
220567,38486,193207,,,
220574,38486,193185,,,
220581,38453,130936,,,
220588,38447,194687,,,
220595,38447,190413,,,
220602,38447,197221,,,
220609,38454,182773,,,
220616,38454,186969,,,
220623,38454,191679,,,
220630,38454,190612,,,
220635,38454,186115,,,
220639,38450,133083,,,
220646,38450,134086,,,
220653,38463,122803,,,
220660,38444,141310,,,
220667,38444,141300,,,
220674,38444,120491,,,
220681,38480,188270,,,
220688,38480,184320,,,
220695,38458,183661,,,
220702,38451,106748,,,
220709,38451,123241,,,
220716,38451,140126,,,
220723,38451,104661,,,
220730,38451,163265,,,
220737,38451,152199,,,
220742,38451,134061,,,
220746,38451,134950,,,
220753,38451,125047,,,
220760,38451,123277,,,
220767,38451,125319,,,
220774,38451,123648,,,
220781,38473,118005,,,
220788,38473,106730,,,
220795,38473,141280,,,
220802,38473,163662,,,
220809,38473,141513,,,
220816,38473,205377,,,
220823,38473,137783,,,
220830,38473,140721,,,
220837,38473,205220,,,
220844,38473,103804,,,
220849,38473,125970,,,
220853,38473,141324,,,
220860,38470,180595,,,
220867,38470,177487,,,
220874,38470,172842,,,
220881,38470,171938,,,
220888,38494,191899,,,
220895,38494,186385,,,
220902,38464,117502,,,
220909,38464,152947,,,
220916,38464,161253,,,
220923,38455,141674,,,
220930,38455,142668,,,
220937,38455,139588,,,
220944,38455,165814,,,
220951,38455,142508,,,
220956,38455,167201,,,
220960,38455,142749,,,
220967,38455,107020,,,
220974,38478,118521,,,
220981,38478,129983,,,
220988,38478,108331,,,
220995,38478,104855,,,
221002,38500,119896,,,
221009,38500,148933,,,
221016,38479,145369,,,
221023,38479,120450,,,
221030,38443,162815,,,
221037,38443,139430,,,
221044,38465,149747,,,
221051,38465,149667,,,
221058,38474,142461,,,
221063,38474,130031,,,
221067,38474,127593,,,
221074,38474,125655,,,
221081,38474,132159,,,
221088,38474,137015,,,
221095,38474,127265,,,
221102,38474,142868,,,
221109,38474,144645,,,
221116,38505,141300,,,
221123,38505,120491,,,
221130,38446,130277,,,
221137,38497,181736,,,
221144,38497,182202,,,
221151,38497,190817,,,
221158,38497,190810,,,
221165,38497,190803,,,
221170,38497,187724,,,
221174,38497,190782,,,
221181,38497,190775,,,
221188,38497,191274,,,
221195,38497,195301,,,
221202,38497,192664,,,
221209,38497,191050,,,
221216,38497,187924,,,
221223,38483,165366,,,
221230,38483,160571,,,
221237,38483,136873,,,
221244,38483,142614,,,
221251,38483,126856,,,
221258,38467,141840,,,
221265,38471,148324,,,
221272,38471,148165,,,
221277,38471,147255,,,
221281,38471,140958,,,
221288,38501,184829,,,
221295,38501,184816,,,
221302,38501,191715,,,
221309,38501,191710,,,
221316,38501,184666,,,
221323,38501,187133,,,
221330,38501,194993,,,
221337,38501,181545,,,
221344,38501,190621,,,
221351,38498,194558,,,
221358,38498,186442,,,
221365,38498,187191,,,
221372,38498,193072,,,
221379,38498,184837,,,
221384,38481,125655,,,
221388,38503,131198,,,
221395,38503,120673,,,
221402,38503,142149,,,
221409,38503,149920,,,
221416,38503,122247,,,
221423,38442,163281,,,
221430,38485,186229,,,
221437,38485,195942,,,
221444,38485,195933,,,
221451,38485,187978,,,
221458,38485,188605,,,
221465,38485,188585,,,
221472,38485,184588,,,
221479,38485,184320,,,
221486,38495,180980,,,
221491,38495,179060,,,
221495,38495,181358,,,
221502,38495,172263,,,
221509,38495,179797,,,
221516,38495,180679,,,
221523,38495,180744,,,
221530,38495,178081,,,
221537,38495,172826,,,
221544,38495,178449,,,
221551,38495,175624,,,
221558,38495,176512,,,
221565,38462,181357,,,
221572,38462,181339,,,
221579,38462,171712,,,
221586,38462,169391,,,
221593,38462,176537,,,
221598,38462,171798,,,
221602,38462,178192,,,
221609,38462,176512,,,
221616,38448,180708,,,
221623,38448,175177,,,
221630,38448,178749,,,
221637,38448,178348,,,
221644,38448,176402,,,
221651,38448,179712,,,
221658,38568,192203,,,
221665,38568,190827,,,
221672,38568,190822,,,
221679,38568,183137,,,
221686,38568,189907,,,
221693,38568,189772,,,
221700,38568,190274,,,
221705,38568,189884,,,
221709,38568,189740,,,
221716,38568,196123,,,
221723,38568,199046,,,
221730,38530,185724,,,
221737,38530,191219,,,
221744,38530,185746,,,
221751,38530,185739,,,
221758,38559,167195,,,
221765,38559,141668,,,
221772,38528,168685,,,
221779,38528,163162,,,
221786,38528,133810,,,
221793,38528,120960,,,
221800,38561,183919,,,
221807,38561,185312,,,
221812,38561,184409,,,
221816,38561,183765,,,
221823,38561,185540,,,
221830,38561,193337,,,
221837,38561,193331,,,
221844,38561,191148,,,
221851,38561,191142,,,
221858,38561,192023,,,
221865,38561,195082,,,
221872,38574,149945,,,
221879,38574,103298,,,
221886,38537,127949,,,
221893,38557,191054,,,
221900,38523,106237,,,
221907,38536,131451,,,
221914,38547,119769,,,
221919,38547,125610,,,
221923,38575,118261,,,
221930,38575,104285,,,
221937,38575,162082,,,
221944,38575,124672,,,
221951,38516,178656,,,
221958,38516,172878,,,
221965,38516,169903,,,
221972,38516,175632,,,
221979,38563,143740,,,
221986,38563,117607,,,
221993,38563,147528,,,
222000,38563,150696,,,
222007,38563,150927,,,
222014,38567,162629,,,
222021,38541,162962,,,
222026,38541,163657,,,
222030,38541,134818,,,
222037,38507,184158,,,
222044,38507,187298,,,
222051,38507,193415,,,
222058,38548,184958,,,
222065,38548,193527,,,
222072,38548,184944,,,
222079,38548,192231,,,
222086,38548,181853,,,
222093,38548,192460,,,
222100,38548,195125,,,
222107,38548,193450,,,
222114,38548,188175,,,
222121,38552,142950,,,
222128,38552,164021,,,
222133,38552,133135,,,
222137,38552,132869,,,
222144,38546,194053,,,
222151,38521,188221,,,
222158,38521,188214,,,
222165,38562,175600,,,
222172,38562,176231,,,
222179,38562,172628,,,
222186,38562,174654,,,
222193,38562,175664,,,
222200,38562,169893,,,
222207,38562,180238,,,
222214,38562,176525,,,
222221,38562,178563,,,
222228,38525,140848,,,
222235,38525,141251,,,
222240,113669,162870,,,
222244,113669,163243,,,
222251,38527,165747,,,
222258,38527,163681,,,
222265,38527,205377,,,
222272,38527,140951,,,
222279,38554,165883,,,
222286,38554,142780,,,
222293,38554,124836,,,
222300,38554,103319,,,
222307,38554,118125,,,
222314,38554,128312,,,
222321,38554,136981,,,
222328,38554,132869,,,
222335,38554,105704,,,
222342,38554,108252,,,
222347,38554,103623,,,
222351,38554,136367,,,
222358,38554,127128,,,
222365,38554,152181,,,
222372,38554,104549,,,
222379,38554,103496,,,
222386,38554,142381,,,
222393,38554,132630,,,
222400,38554,132608,,,
222442,38555,192758,,,
222449,38555,185198,,,
222454,38555,187750,,,
222458,38555,187746,,,
222465,38555,190036,,,
222472,38555,182956,,,
222479,38555,194340,,,
222486,38555,184602,,,
222493,38555,186258,,,
222500,38555,189066,,,
222507,38555,183171,,,
222514,38524,113113,,,
222521,38524,162757,,,
222528,38524,124308,,,
222535,38524,150368,,,
222542,38524,122645,,,
222549,38524,129799,,,
222556,38524,169180,,,
222561,38524,130755,,,
222565,38524,144564,,,
222572,38524,133237,,,
222579,38524,123496,,,
222586,38524,136766,,,
222593,38524,124955,,,
222600,38542,191726,,,
222607,38542,187881,,,
222614,38542,187877,,,
222621,38542,187872,,,
222628,38542,185424,,,
222635,38542,191689,,,
222642,38542,185015,,,
222649,38542,194859,,,
222656,38542,193307,,,
222663,38514,172408,,,
222668,38514,181357,,,
222672,38514,172264,,,
222679,38514,179659,,,
222686,38514,176437,,,
222693,38514,172826,,,
222700,38514,180757,,,
222707,38514,177031,,,
222714,38509,193866,,,
222721,38576,200311,,,
222728,38576,199554,,,
222735,38518,174579,,,
222742,38518,180689,,,
222749,38518,174003,,,
222756,38518,178584,,,
222763,38518,172440,,,
222770,38518,176009,,,
222775,38518,178052,,,
222779,38518,180610,,,
222786,38518,178040,,,
222793,38518,171357,,,
222800,38518,169803,,,
222807,38518,176441,,,
222814,38518,176416,,,
222821,38518,181006,,,
222828,38518,171780,,,
222835,38518,180956,,,
222842,38518,179904,,,
222849,38518,170161,,,
222856,38518,180880,,,
222863,38518,181348,,,
222870,38518,176193,,,
222877,38518,180771,,,
222882,38511,117242,,,
222886,38511,103776,,,
222893,38511,104260,,,
222900,38511,147368,,,
222907,38511,161558,,,
222914,38511,161536,,,
222921,38520,134506,,,
222928,38520,133824,,,
222935,38520,124308,,,
222942,38550,183925,,,
222949,38550,181571,,,
222956,38550,193576,,,
222963,38550,183950,,,
222970,38573,201207,,,
222977,38556,160727,,,
222984,38607,188430,,,
222989,38607,194537,,,
222993,38607,194533,,,
223000,38595,164974,,,
223007,38595,141668,,,
223014,38595,104653,,,
223021,38595,165545,,,
223028,38595,137763,,,
223035,38595,165527,,,
223042,38627,190847,,,
223049,38627,195422,,,
223056,38627,187347,,,
223063,38627,188721,,,
223070,38627,188429,,,
223077,38592,105113,,,
223084,38592,141126,,,
223091,38598,138902,,,
223096,38598,124351,,,
223100,38610,136004,,,
223107,38620,188513,,,
223114,38620,188109,,,
223121,38620,185926,,,
223128,38620,182974,,,
223135,38620,192696,,,
223142,38620,190222,,,
223149,38580,190033,,,
223156,38580,183748,,,
223163,38615,180199,,,
223170,38615,174027,,,
223177,38615,176030,,,
223184,38615,173933,,,
223191,38615,173909,,,
223198,38615,180027,,,
223203,38615,177946,,,
223207,38615,175871,,,
223214,38615,179919,,,
223221,38615,179867,,,
223228,38615,169566,,,
223235,38615,173616,,,
223242,38615,173595,,,
223249,38615,169479,,,
223256,38615,175575,,,
223263,38615,169349,,,
223270,38615,179437,,,
223277,38615,171200,,,
223284,38615,179331,,,
223291,38615,181344,,,
223298,38615,173121,,,
223305,38615,181271,,,
223310,38615,181227,,,
223314,38615,175052,,,
223321,38615,181123,,,
223328,38615,181091,,,
223335,38615,179026,,,
223342,38615,181050,,,
223349,38615,172818,,,
223356,38615,176869,,,
223363,38615,176847,,,
223370,38615,180912,,,
223377,38615,170595,,,
223384,38615,172630,,,
223391,38615,180756,,,
223398,38615,178684,,,
223405,38615,180712,,,
223412,38615,176583,,,
223417,38615,180662,,,
223421,38615,176562,,,
223428,38615,176544,,,
223435,38615,172432,,,
223442,38615,176497,,,
223449,38615,176437,,,
223456,38615,174358,,,
223463,38615,172287,,,
223470,38615,180448,,,
223477,38615,172232,,,
223484,38615,174249,,,
223491,38615,174214,,,
223498,38615,172144,,,
223505,38615,176214,,,
223512,38615,180284,,,
223519,38615,174100,,,
223524,38600,174302,,,
223528,38600,181411,,,
223535,38612,107497,,,
223542,38612,107966,,,
223549,38612,136585,,,
223556,38612,150377,,,
223563,38612,162629,,,
223570,38612,136485,,,
223577,38612,147161,,,
223584,38612,137923,,,
223591,38612,127648,,,
223598,38612,160844,,,
223605,38612,133164,,,
223612,38612,163847,,,
223619,38586,190426,,,
223626,38586,185706,,,
223631,38586,185666,,,
223635,38594,151064,,,
223642,38594,137895,,,
223649,38635,142749,,,
223656,38648,191094,,,
223663,38648,191090,,,
223670,38648,191084,,,
223677,38648,194907,,,
223684,38648,195663,,,
223691,38648,187197,,,
223698,38648,193330,,,
223705,38648,190883,,,
223712,38648,190868,,,
223719,38648,190861,,,
223726,38648,191106,,,
223733,38633,195327,,,
223738,38633,191595,,,
223742,38633,190311,,,
223749,38633,184915,,,
223756,38633,181952,,,
223763,38633,191785,,,
223770,38633,189583,,,
223777,38640,130936,,,
223784,38640,118382,,,
223791,38640,119395,,,
223798,38640,135631,,,
223805,38640,127170,,,
223812,38640,135992,,,
223819,38640,144556,,,
223826,38640,160289,,,
223833,38640,117777,,,
223840,38640,124426,,,
223845,38640,118661,,,
223849,38625,125341,,,
223856,38625,119783,,,
223863,38579,183413,,,
223870,38579,186021,,,
223877,38629,178678,,,
223884,38629,181204,,,
223891,38629,171929,,,
223898,38629,178044,,,
223905,38629,178029,,,
223912,38629,181084,,,
223919,38629,179530,,,
223926,38629,170291,,,
223933,38629,181024,,,
223940,38629,170759,,,
223947,38629,171244,,,
223952,38629,178891,,,
223956,38629,172730,,,
223963,38629,180896,,,
223970,38629,175735,,,
223977,38629,177747,,,
223984,38629,181297,,,
223991,38629,180744,,,
223998,38588,199684,,,
224005,38622,200718,,,
224012,38622,199727,,,
224019,38593,147080,,,
224026,38643,133128,,,
224033,38646,155031,,,
224040,40659,123032,,,
224047,40659,165547,,,
224054,38628,182140,,,
224059,38628,182135,,,
224063,38628,182131,,,
224070,38628,193254,,,
224077,38628,191270,,,
224084,38605,122481,,,
224091,38582,183608,,,
224098,38582,192938,,,
224105,38582,197058,,,
224112,38644,136372,,,
224119,38630,193534,,,
224126,38630,181739,,,
224133,38630,188888,,,
224140,38630,189379,,,
224147,38630,190900,,,
224154,38630,185760,,,
224161,38630,190854,,,
224166,38630,192849,,,
224170,38630,195891,,,
224177,38630,188707,,,
224184,38630,188163,,,
224191,38630,188128,,,
224198,38630,184014,,,
224205,38630,192166,,,
224212,38630,182904,,,
224219,38630,191044,,,
224226,38630,183850,,,
224233,38630,183839,,,
224240,38630,183834,,,
224247,38630,187399,,,
224254,38581,197594,,,
224261,38581,185767,,,
224268,38581,186197,,,
224273,38581,184111,,,
224277,38581,193829,,,
224284,38581,190182,,,
224291,38581,186057,,,
224298,38581,191677,,,
224305,38581,186526,,,
224312,38581,191626,,,
224319,38581,194692,,,
224326,38581,193120,,,
224333,38581,193113,,,
224340,38581,181815,,,
224347,38581,189462,,,
224354,38647,126688,,,
224361,38647,128197,,,
224368,38647,163751,,,
224375,38647,166023,,,
224380,38609,167456,,,
224384,38591,132755,,,
224391,38591,135747,,,
224398,38583,182853,,,
224405,38603,104757,,,
224412,38603,144454,,,
224419,38655,136501,,,
224426,38678,105333,,,
224433,38678,131204,,,
224440,38677,130030,,,
224447,38677,152416,,,
224454,38677,106588,,,
224461,38677,106691,,,
224468,38677,137124,,,
224475,38677,106380,,,
224482,38653,199560,,,
224487,38692,142076,,,
224491,38692,160882,,,
224498,38692,117104,,,
224505,38692,118374,,,
224512,38692,141788,,,
224519,38692,127949,,,
224526,38692,123386,,,
224533,38692,127409,,,
224540,38692,120229,,,
224547,38692,126106,,,
224554,38692,131217,,,
224561,38692,124421,,,
224568,38710,185009,,,
224575,38710,184680,,,
224582,38707,190965,,,
224589,38707,193187,,,
224594,38651,118516,,,
224598,38651,204134,,,
224605,38651,117716,,,
224612,38651,128517,,,
224619,38681,180681,,,
224626,38681,170403,,,
224633,38681,170359,,,
224640,38681,174418,,,
224647,38681,170280,,,
224654,38681,173835,,,
224661,38681,175860,,,
224668,38681,178348,,,
224675,38681,175726,,,
224682,38681,179785,,,
224689,38681,179765,,,
224696,38681,171036,,,
224701,38681,179721,,,
224705,38659,199291,,,
224712,38693,174590,,,
224719,38693,180717,,,
224726,38693,181213,,,
224733,38693,170956,,,
224740,38693,177082,,,
224747,38693,176047,,,
224754,38693,169894,,,
224761,38693,177048,,,
224768,38693,172434,,,
224775,38693,169349,,,
224782,38693,170871,,,
224789,38693,170851,,,
224796,38693,176985,,,
224803,38693,173896,,,
224808,38693,177460,,,
224812,38693,181025,,,
224819,38693,169759,,,
224826,38693,170759,,,
224833,38693,177395,,,
224840,38693,176869,,,
224847,38693,178378,,,
224854,38693,181437,,,
224861,38693,174248,,,
224868,38693,181389,,,
224875,38693,180358,,,
224882,38693,179803,,,
224889,38693,177218,,,
224896,38693,173609,,,
224903,38693,170514,,,
224910,38693,176128,,,
224915,38674,185812,,,
224919,38674,191726,,,
224926,38674,182567,,,
224933,38713,183154,,,
224940,38713,194403,,,
224947,38713,195420,,,
224954,38713,191432,,,
224961,38713,183870,,,
224968,38713,191031,,,
224975,38713,194091,,,
224982,38713,194970,,,
224989,38668,199782,,,
224996,38688,141668,,,
225003,38699,155215,,,
225010,38698,122236,,,
225017,38698,125552,,,
225022,38698,135789,,,
225026,38698,137185,,,
225033,38698,169041,,,
225040,38698,119496,,,
225047,38698,163499,,,
225054,38698,122403,,,
225061,38698,124315,,,
225068,38698,119436,,,
225075,38690,184918,,,
225082,38690,184911,,,
225089,38690,187307,,,
225096,38690,194563,,,
225103,38676,149441,,,
225110,38663,121685,,,
225117,38663,105864,,,
225124,38675,174586,,,
225129,38675,174573,,,
225133,38675,171358,,,
225140,38675,177442,,,
225147,38675,178249,,,
225154,38675,173503,,,
225161,38675,179887,,,
225168,38675,175015,,,
225175,38675,178586,,,
225182,38675,170649,,,
225189,38675,170258,,,
225196,38675,177035,,,
225203,38675,174720,,,
225210,38697,141668,,,
225217,38696,177535,,,
225224,38696,173423,,,
225231,38696,176488,,,
225236,38696,175962,,,
225240,38696,176589,,,
225247,38696,179127,,,
225254,38696,179752,,,
225261,38696,175886,,,
225268,38696,178560,,,
225275,38719,184548,,,
225282,38719,185537,,,
225289,38719,185530,,,
225296,38719,185523,,,
225303,38712,179698,,,
225310,38712,181084,,,
225317,38712,170318,,,
225324,38712,175038,,,
225331,38712,179379,,,
225338,38712,180896,,,
225343,38712,170902,,,
225347,38712,174219,,,
225354,38712,174852,,,
225361,38706,189676,,,
225368,38706,183237,,,
225375,38706,195905,,,
225382,38706,194442,,,
225389,38680,139493,,,
225396,38680,161085,,,
225403,38680,126363,,,
225410,38680,140937,,,
225417,38715,191983,,,
225424,38715,187107,,,
225431,38715,187088,,,
225438,38715,187081,,,
225445,38715,191044,,,
225450,38715,187071,,,
225454,38715,182648,,,
225461,38715,182791,,,
225468,38682,195500,,,
225475,38704,128287,,,
225482,38704,160823,,,
225489,38704,126793,,,
225496,38667,160831,,,
225503,38667,122644,,,
225510,38667,155428,,,
225517,38672,104686,,,
225524,38702,199675,,,
225531,38702,199596,,,
225536,38702,199392,,,
225545,38660,149466,,,
225552,38660,149059,,,
225557,38660,105010,,,
225561,38660,150564,,,
225568,38660,124184,,,
225575,38660,141324,,,
225582,38650,202730,,,
225589,38711,130539,,,
225596,38711,150872,,,
225603,38711,149843,,,
225610,38711,165445,,,
225617,38711,149044,,,
225624,38711,120606,,,
225631,38711,162959,,,
225638,38685,173695,,,
225645,38724,108153,,,
225652,38724,131051,,,
225659,38724,121693,,,
225664,38724,107221,,,
225668,38724,131280,,,
225675,38724,104512,,,
225682,38724,128056,,,
225689,38724,118962,,,
225696,38724,144801,,,
225703,38724,135831,,,
225710,38724,134283,,,
225717,38733,199613,,,
225724,38733,199761,,,
225731,38726,137433,,,
225738,38726,104392,,,
225745,38753,185299,,,
225752,38753,188347,,,
225759,38753,191917,,,
225766,38753,189323,,,
225771,38753,192353,,,
225775,38753,195411,,,
225782,38753,193344,,,
225789,38753,192783,,,
225796,38753,184543,,,
225803,38753,192166,,,
225810,38753,187547,,,
225817,38753,183416,,,
225824,38753,186439,,,
225831,38753,193598,,,
225838,38732,183796,,,
225845,38732,195014,,,
225852,38732,193452,,,
225859,38732,191885,,,
225866,38732,188242,,,
225873,38732,195363,,,
225878,38732,193256,,,
225882,38732,193251,,,
225889,38732,193244,,,
225896,38732,193237,,,
225903,38732,191687,,,
225910,38732,195702,,,
225917,38732,191019,,,
225924,38730,105664,,,
225931,38778,192010,,,
225938,38744,175600,,,
225945,38744,178137,,,
225952,38744,178118,,,
225959,38744,169403,,,
225966,38744,178595,,,
225973,38744,176525,,,
225980,38744,180596,,,
742966,47082,140256,,,
742968,58629,211363,,,
742969,139125,165547,,,
742970,139125,149834,,,
742971,139125,165547,,,
742972,139125,149834,,,
742973,139107,211365,,,
742975,100111,196015,,,
742976,61406,145550,,,
742977,139104,109559,,,
742978,26655,178274,,,
742979,138876,174949,,,
742980,138876,176146,,,
742981,101488,211367,5,,
742982,97495,154469,,,
742983,26269,105784,,,
742984,24858,150037,,,
742985,138859,137430,,,
742986,138859,128235,,,
742987,138859,137428,,,
742988,112438,129834,,,
742989,112438,114724,,,
742990,107549,211369,,,
742991,28978,161745,,,
742992,23279,130683,2,,
742993,23279,211370,2,,
742994,23279,120422,2,,
743000,23279,136953,2,,
743001,23279,137127,2,,
743002,23279,211374,2,,
743006,23279,168559,2,,
743003,23211,132739,3,,
743007,98507,211370,5,,
743008,98507,137017,5,,
743009,23212,132418,5,,
743010,23212,136560,5,,
743011,23262,211375,2,,
743019,23230,211381,3,,
743021,23279,136868,4,,
649798,132487,173308,2,,
649799,132487,172474,2,,
649800,132487,173208,2,,
649801,132487,173267,2,,
649802,132487,173547,2,,
649803,132487,173182,2,,
649804,132487,181259,2,,
649805,132487,173352,2,,
649806,132487,173347,2,,
742995,132487,173189,2,,
9104,23211,136560,2,,
9105,23211,135662,2,,
9106,23211,134349,2,,
9107,23211,132737,2,,
743004,23211,136233,2,,
743005,23211,120422,2,,
743023,132487,211371,2,,
9092,23204,136560,2,,
743024,23204,135713,2,,
743025,23204,135713,2,,
743026,23204,132737,2,,
743022,35189,211373,2,,
743012,23262,145569,2,,
743013,23262,211376,2,,
743014,23262,211377,2,,
743027,23262,107929,2,,
743015,98501,211378,2,,
743028,98501,211383,2,,
743016,98500,211379,3,,
743017,98500,211380,2,,
743018,98500,211376,2,,
649058,132479,173267,2,,
649059,132479,173359,2,,
649060,132479,173352,2,,
649061,132479,173347,2,,
743020,132479,211382,2,,
743029,132479,176494,4,,
